Entity,Year,Domestic general government health expenditure (% of current health expenditure)
Afghanistan,2002,0.89142376
Afghanistan,2003,7.280444
Afghanistan,2004,5.5352716
Afghanistan,2005,5.319348
Afghanistan,2006,4.6865387
Afghanistan,2007,5.6533666
Afghanistan,2008,6.120997
Afghanistan,2009,5.417367
Afghanistan,2010,5.4746246
Afghanistan,2011,5.606225
Afghanistan,2012,4.3418946
Afghanistan,2013,5.034762
Afghanistan,2014,4.960258
Afghanistan,2015,5.17224
Afghanistan,2016,5.077845
Afghanistan,2017,5.0958185
Afghanistan,2018,3.8878043
Afghanistan,2019,8.189203
Albania,2000,38.23709
Albania,2001,38.56386
Albania,2002,37.46623
Albania,2003,37.80501
Albania,2004,41.645832
Albania,2005,42.069294
Albania,2006,42.58933
Albania,2007,38.559093
Albania,2008,44.195904
Albania,2009,50.80281
Albania,2010,50.123005
Albania,2011,49.33046
Albania,2012,48.56696
Albania,2013,47.86377
Albania,2014,47.126915
Albania,2015,55.78379
Albania,2016,57.032055
Albania,2017,53.366566
Albania,2018,53.993805
Algeria,2000,71.96343
Algeria,2001,76.22702
Algeria,2002,75.27867
Algeria,2003,76.6942
Algeria,2004,71.3535
Algeria,2005,69.29087
Algeria,2006,68.462685
Algeria,2007,69.78764
Algeria,2008,71.99542
Algeria,2009,70.88406
Algeria,2010,69.48219
Algeria,2011,70.61742
Algeria,2012,72.929474
Algeria,2013,71.04825
Algeria,2014,72.008385
Algeria,2015,70.45938
Algeria,2016,67.68751
Algeria,2017,65.95245
Algeria,2018,65.847435
Algeria,2019,64.99979
Andorra,2000,65.43889
Andorra,2001,65.08621
Andorra,2002,66.74998
Andorra,2003,64.51071
Andorra,2004,62.599266
Andorra,2005,65.03299
Andorra,2006,60.585613
Andorra,2007,60.397232
Andorra,2008,65.68434
Andorra,2009,68.473755
Andorra,2010,69.495674
Andorra,2011,66.79932
Andorra,2012,66.427765
Andorra,2013,66.89189
Andorra,2014,68.21192
Andorra,2015,68.98734
Andorra,2016,69.09091
Andorra,2017,69.71429
Andorra,2018,67.934784
Andorra,2019,69.48704
Angola,2000,58.209568
Angola,2001,45.640842
Angola,2002,39.304462
Angola,2003,41.308
Angola,2004,42.514477
Angola,2005,44.83417
Angola,2006,53.773994
Angola,2007,57.893787
Angola,2008,64.35443
Angola,2009,67.67429
Angola,2010,62.116276
Angola,2011,64.757065
Angola,2012,65.254555
Angola,2013,62.029797
Angola,2014,54.153263
Angola,2015,47.36523
Angola,2016,44.138256
Angola,2017,46.278652
Angola,2018,42.07642
Angola,2019,41.223816
Antigua and Barbuda,2000,57.846123
Antigua and Barbuda,2001,59.078606
Antigua and Barbuda,2002,58.43794
Antigua and Barbuda,2003,59.90863
Antigua and Barbuda,2004,58.0332
Antigua and Barbuda,2005,55.622612
Antigua and Barbuda,2006,52.95464
Antigua and Barbuda,2007,51.33233
Antigua and Barbuda,2008,50.764095
Antigua and Barbuda,2009,54.894535
Antigua and Barbuda,2010,58.316444
Antigua and Barbuda,2011,56.948273
Antigua and Barbuda,2012,56.295265
Antigua and Barbuda,2013,56.081932
Antigua and Barbuda,2014,59.15979
Antigua and Barbuda,2015,59.787663
Antigua and Barbuda,2016,55.84991
Antigua and Barbuda,2017,56.16209
Antigua and Barbuda,2018,60.074394
Antigua and Barbuda,2019,58.439762
Argentina,2000,54.731705
Argentina,2001,54.852043
Argentina,2002,54.556137
Argentina,2003,54.712414
Argentina,2004,51.798977
Argentina,2005,51.4191
Argentina,2006,52.60231
Argentina,2007,54.309643
Argentina,2008,55.098545
Argentina,2009,59.96014
Argentina,2010,58.952557
Argentina,2011,60.321228
Argentina,2012,62.426872
Argentina,2013,63.597137
Argentina,2014,65.423546
Argentina,2015,66.71374
Argentina,2016,62.1112
Argentina,2017,63.198574
Argentina,2018,61.406147
Argentina,2019,62.36081
Armenia,2000,22.753218
Armenia,2001,28.824574
Armenia,2002,15.391438
Armenia,2003,16.803127
Armenia,2004,21.372309
Armenia,2005,25.220764
Armenia,2006,27.11775
Armenia,2007,29.353401
Armenia,2008,22.41244
Armenia,2009,21.455929
Armenia,2010,18.258997
Armenia,2011,17.84222
Armenia,2012,17.276932
Armenia,2013,13.325564
Armenia,2014,14.791107
Armenia,2015,15.914881
Armenia,2016,16.452473
Armenia,2017,13.244669
Armenia,2018,12.340107
Armenia,2019,12.405082
Australia,2000,71.83632
Australia,2001,71.108475
Australia,2002,71.93769
Australia,2003,71.341255
Australia,2004,71.68711
Australia,2005,71.83749
Australia,2006,71.66632
Australia,2007,72.9062
Australia,2008,72.32992
Australia,2009,73.010544
Australia,2010,72.35728
Australia,2011,73.26029
Australia,2012,71.23466
Australia,2013,67.7656
Australia,2014,67.51346
Australia,2015,68.43889
Australia,2016,68.53295
Australia,2017,68.69087
Australia,2018,68.78314
Australia,2019,71.68196
Austria,2000,74.16341
Austria,2001,73.64529
Austria,2002,73.43814
Austria,2003,73.13827
Austria,2004,72.054955
Austria,2005,72.65169
Austria,2006,72.850136
Austria,2007,72.79901
Austria,2008,73.7876
Austria,2009,72.84671
Austria,2010,72.395706
Austria,2011,72.689026
Austria,2012,72.87378
Austria,2013,72.16906
Austria,2014,72.51709
Austria,2015,72.45602
Austria,2016,72.35967
Austria,2017,71.700035
Austria,2018,72.58782
Austria,2019,73.00772
Azerbaijan,2000,29.396719
Azerbaijan,2001,28.66816
Azerbaijan,2002,26.876091
Azerbaijan,2003,28.485664
Azerbaijan,2004,32.428448
Azerbaijan,2005,40.59416
Azerbaijan,2006,41.904602
Azerbaijan,2007,45.567505
Azerbaijan,2008,44.550037
Azerbaijan,2009,43.260197
Azerbaijan,2010,40.594036
Azerbaijan,2011,38.746845
Azerbaijan,2012,37.562325
Azerbaijan,2013,35.007206
Azerbaijan,2014,33.4005
Azerbaijan,2015,31.719837
Azerbaijan,2016,28.821548
Azerbaijan,2017,26.81677
Azerbaijan,2018,26.114372
Azerbaijan,2019,31.735489
Bahamas,2000,39.578648
Bahamas,2001,39.90872
Bahamas,2002,39.591484
Bahamas,2003,40.50924
Bahamas,2004,39.831085
Bahamas,2005,39.376724
Bahamas,2006,38.45758
Bahamas,2007,40.038483
Bahamas,2008,42.864372
Bahamas,2009,45.56985
Bahamas,2010,45.07132
Bahamas,2011,44.60736
Bahamas,2012,43.497715
Bahamas,2013,45.631115
Bahamas,2014,44.954445
Bahamas,2015,44.35163
Bahamas,2016,48.65688
Bahamas,2017,55.3487
Bahamas,2018,49.94553
Bahamas,2019,51.962482
Bahrain,2000,66.03279
Bahrain,2001,66.887085
Bahrain,2002,66.719406
Bahrain,2003,62.431664
Bahrain,2004,64.970535
Bahrain,2005,67.61738
Bahrain,2006,68.943344
Bahrain,2007,65.51989
Bahrain,2008,66.06523
Bahrain,2009,63.90399
Bahrain,2010,62.968563
Bahrain,2011,62.53779
Bahrain,2012,65.348404
Bahrain,2013,65.18133
Bahrain,2014,65.064026
Bahrain,2015,64.88479
Bahrain,2016,61.364197
Bahrain,2017,57.9785
Bahrain,2018,58.83235
Bahrain,2019,59.204567
Bangladesh,2000,28.690517
Bangladesh,2001,22.071178
Bangladesh,2002,24.710726
Bangladesh,2003,25.009705
Bangladesh,2004,24.43158
Bangladesh,2005,22.19648
Bangladesh,2006,23.087505
Bangladesh,2007,22.870583
Bangladesh,2008,21.335634
Bangladesh,2009,20.35686
Bangladesh,2010,21.028137
Bangladesh,2011,20.922623
Bangladesh,2012,20.47003
Bangladesh,2013,19.73048
Bangladesh,2014,19.034758
Bangladesh,2015,17.630697
Bangladesh,2016,16.422226
Bangladesh,2017,16.696932
Bangladesh,2018,16.981134
Bangladesh,2019,18.625746
Barbados,2000,51.853477
Barbados,2001,53.288715
Barbados,2002,53.51587
Barbados,2003,56.23848
Barbados,2004,59.380974
Barbados,2005,57.198288
Barbados,2006,56.26592
Barbados,2007,54.45846
Barbados,2008,55.321438
Barbados,2009,54.595596
Barbados,2010,53.45089
Barbados,2011,48.495346
Barbados,2012,55.332916
Barbados,2013,50.783012
Barbados,2014,46.94936
Barbados,2015,47.238407
Barbados,2016,47.156456
Barbados,2017,45.353058
Barbados,2018,44.775467
Barbados,2019,44.83426
Belarus,2000,78.66545
Belarus,2001,74.61546
Belarus,2002,72.53397
Belarus,2003,75.99232
Belarus,2004,76.690674
Belarus,2005,74.498726
Belarus,2006,71.471405
Belarus,2007,70.18518
Belarus,2008,65.782036
Belarus,2009,64.563354
Belarus,2010,68.04416
Belarus,2011,63.358253
Belarus,2012,65.6519
Belarus,2013,62.65648
Belarus,2014,62.60077
Belarus,2015,60.784363
Belarus,2016,70.94084
Belarus,2017,69.10974
Belarus,2018,70.56276
Belarus,2019,70.38103
Belgium,2000,74.530914
Belgium,2001,75.33213
Belgium,2002,73.723274
Belgium,2003,73.76642
Belgium,2004,74.683914
Belgium,2005,74.482254
Belgium,2006,74.31139
Belgium,2007,73.9225
Belgium,2008,75.48978
Belgium,2009,76.05449
Belgium,2010,76.02929
Belgium,2011,76.10446
Belgium,2012,76.555565
Belgium,2013,76.11443
Belgium,2014,76.32601
Belgium,2015,75.90756
Belgium,2016,77.23086
Belgium,2017,77.319984
Belgium,2018,76.82448
Belgium,2019,76.77693
Belize,2000,46.947327
Belize,2001,51.504963
Belize,2002,52.262688
Belize,2003,50.5651
Belize,2004,50.91134
Belize,2005,53.109257
Belize,2006,56.933887
Belize,2007,59.930317
Belize,2008,66.06208
Belize,2009,64.25036
Belize,2010,66.555984
Belize,2011,65.38774
Belize,2012,65.79531
Belize,2013,66.6702
Belize,2014,62.869663
Belize,2015,67.95102
Belize,2016,68.8132
Belize,2017,68.649445
Belize,2018,68.6022
Belize,2019,69.8682
Benin,2000,26.011663
Benin,2001,28.534698
Benin,2002,23.843863
Benin,2003,21.883574
Benin,2004,23.785637
Benin,2005,23.267776
Benin,2006,24.19742
Benin,2007,20.59367
Benin,2008,20.873257
Benin,2009,26.451735
Benin,2010,24.17092
Benin,2011,25.706493
Benin,2012,21.869152
Benin,2013,26.748203
Benin,2014,21.56858
Benin,2015,20.136377
Benin,2016,20.985939
Benin,2017,31.09479
Benin,2018,19.602688
Benin,2019,22.65071
Bhutan,2000,79.666176
Bhutan,2001,70.69815
Bhutan,2002,72.40852
Bhutan,2003,69.16652
Bhutan,2004,66.05214
Bhutan,2005,63.908554
Bhutan,2006,55.885326
Bhutan,2007,64.5566
Bhutan,2008,69.126114
Bhutan,2009,73.850784
Bhutan,2010,72.052124
Bhutan,2011,73.41855
Bhutan,2012,69.57641
Bhutan,2013,68.883934
Bhutan,2014,69.0101
Bhutan,2015,74.25158
Bhutan,2016,73.95302
Bhutan,2017,74.51843
Bhutan,2018,79.5495
Bhutan,2019,73.56784
Bolivia,2000,55.329174
Bolivia,2001,54.174065
Bolivia,2002,53.143513
Bolivia,2003,53.00777
Bolivia,2004,52.13727
Bolivia,2005,54.26985
Bolivia,2006,56.020866
Bolivia,2007,59.09321
Bolivia,2008,58.650345
Bolivia,2009,61.03663
Bolivia,2010,58.768047
Bolivia,2011,58.391075
Bolivia,2012,57.030563
Bolivia,2013,58.52253
Bolivia,2014,62.62419
Bolivia,2015,65.740845
Bolivia,2016,64.821205
Bolivia,2017,68.5277
Bolivia,2018,72.80452
Bolivia,2019,71.23579
Bosnia and Herzegovina,2000,53.363556
Bosnia and Herzegovina,2001,59.61251
Bosnia and Herzegovina,2002,62.20931
Bosnia and Herzegovina,2003,68.37925
Bosnia and Herzegovina,2004,56.958843
Bosnia and Herzegovina,2005,54.578053
Bosnia and Herzegovina,2006,54.562904
Bosnia and Herzegovina,2007,55.33282
Bosnia and Herzegovina,2008,55.684776
Bosnia and Herzegovina,2009,68.03463
Bosnia and Herzegovina,2010,68.066826
Bosnia and Herzegovina,2011,67.671
Bosnia and Herzegovina,2012,68.648224
Bosnia and Herzegovina,2013,69.71353
Bosnia and Herzegovina,2014,70.36661
Bosnia and Herzegovina,2015,69.217316
Bosnia and Herzegovina,2016,70.89727
Bosnia and Herzegovina,2017,70.12524
Bosnia and Herzegovina,2018,69.86696
Bosnia and Herzegovina,2019,68.723274
Botswana,2000,54.824577
Botswana,2001,56.63296
Botswana,2002,58.135235
Botswana,2003,57.965595
Botswana,2004,58.355213
Botswana,2005,56.53858
Botswana,2006,57.206707
Botswana,2007,56.68532
Botswana,2008,62.1972
Botswana,2009,51.50704
Botswana,2010,57.55474
Botswana,2011,61.41549
Botswana,2012,64.50315
Botswana,2013,63.928814
Botswana,2014,67.859116
Botswana,2015,67.75788
Botswana,2016,66.52247
Botswana,2017,75.6596
Botswana,2018,78.55824
Botswana,2019,78.52379
Brazil,2000,41.635555
Brazil,2001,41.089306
Brazil,2002,42.387104
Brazil,2003,42.856842
Brazil,2004,42.67027
Brazil,2005,41.631462
Brazil,2006,42.927395
Brazil,2007,42.485966
Brazil,2008,43.74353
Brazil,2009,44.163265
Brazil,2010,45.021255
Brazil,2011,44.499157
Brazil,2012,43.36181
Brazil,2013,44.51946
Brazil,2014,44.052746
Brazil,2015,43.256466
Brazil,2016,43.062828
Brazil,2017,41.73838
Brazil,2018,41.091824
Brazil,2019,40.740784
Brunei,2000,84.168686
Brunei,2001,83.19325
Brunei,2002,83.58945
Brunei,2003,82.94866
Brunei,2004,83.09052
Brunei,2005,83.66604
Brunei,2006,85.31147
Brunei,2007,87.215004
Brunei,2008,89.89176
Brunei,2009,90.5006
Brunei,2010,91.738655
Brunei,2011,91.52813
Brunei,2012,91.14807
Brunei,2013,90.59258
Brunei,2014,92.6654
Brunei,2015,95.02642
Brunei,2016,95.02019
Brunei,2017,94.58858
Brunei,2018,95.14165
Brunei,2019,94.31989
Bulgaria,2000,59.55729
Bulgaria,2001,56.07351
Bulgaria,2002,59.337616
Bulgaria,2003,60.716785
Bulgaria,2004,59.42908
Bulgaria,2005,59.572052
Bulgaria,2006,55.67277
Bulgaria,2007,55.74913
Bulgaria,2008,55.39444
Bulgaria,2009,53.80401
Bulgaria,2010,55.243324
Bulgaria,2011,54.134357
Bulgaria,2012,50.799774
Bulgaria,2013,56.56291
Bulgaria,2014,58.2386
Bulgaria,2015,55.8973
Bulgaria,2016,55.133343
Bulgaria,2017,54.93485
Bulgaria,2018,57.636524
Bulgaria,2019,59.155857
Burkina Faso,2000,32.583298
Burkina Faso,2001,33.639244
Burkina Faso,2002,35.60902
Burkina Faso,2003,31.185637
Burkina Faso,2004,40.30578
Burkina Faso,2005,30.949709
Burkina Faso,2006,31.69764
Burkina Faso,2007,27.363428
Burkina Faso,2008,29.28507
Burkina Faso,2009,32.30835
Burkina Faso,2010,24.931541
Burkina Faso,2011,28.958786
Burkina Faso,2012,23.127893
Burkina Faso,2013,28.982088
Burkina Faso,2014,32.535275
Burkina Faso,2015,28.37508
Burkina Faso,2016,40.083733
Burkina Faso,2017,43.301785
Burkina Faso,2018,42.50741
Burkina Faso,2019,41.81359
Burundi,2000,23.718296
Burundi,2001,26.424408
Burundi,2002,23.724722
Burundi,2003,21.463985
Burundi,2004,30.751669
Burundi,2005,24.48413
Burundi,2006,23.777298
Burundi,2007,23.285866
Burundi,2008,16.882063
Burundi,2009,20.103416
Burundi,2010,17.605743
Burundi,2011,34.469604
Burundi,2012,31.307491
Burundi,2013,18.04871
Burundi,2014,38.094475
Burundi,2015,37.635887
Burundi,2016,24.771557
Burundi,2017,25.823519
Burundi,2018,27.763548
Burundi,2019,33.378746
Cambodia,2000,19.764027
Cambodia,2001,16.901558
Cambodia,2002,19.360836
Cambodia,2003,21.371973
Cambodia,2004,19.354525
Cambodia,2005,17.81223
Cambodia,2006,15.69273
Cambodia,2007,19.839573
Cambodia,2008,15.532171
Cambodia,2009,16.067863
Cambodia,2010,19.733646
Cambodia,2011,17.053963
Cambodia,2012,19.372995
Cambodia,2013,19.982893
Cambodia,2014,18.499704
Cambodia,2015,21.707829
Cambodia,2016,21.806885
Cambodia,2017,26.515125
Cambodia,2018,26.890642
Cambodia,2019,24.307716
Cameroon,2000,15.690203
Cameroon,2001,20.094156
Cameroon,2002,22.16151
Cameroon,2003,22.00798
Cameroon,2004,18.944374
Cameroon,2005,17.304712
Cameroon,2006,17.362495
Cameroon,2007,15.352924
Cameroon,2008,15.056838
Cameroon,2009,12.811248
Cameroon,2010,11.363565
Cameroon,2011,14.873401
Cameroon,2012,16.283087
Cameroon,2013,13.229593
Cameroon,2014,15.52238
Cameroon,2015,10.107589
Cameroon,2016,10.163615
Cameroon,2017,4.1693807
Cameroon,2018,6.0732527
Cameroon,2019,3.3547044
Canada,2000,72.85164
Canada,2001,72.80158
Canada,2002,72.43798
Canada,2003,73.13982
Canada,2004,73.061935
Canada,2005,73.035545
Canada,2006,69.43511
Canada,2007,69.58928
Canada,2008,69.75229
Canada,2009,70.17884
Canada,2010,69.90504
Canada,2011,70.21539
Canada,2012,70.44466
Canada,2013,70.717064
Canada,2014,70.56432
Canada,2015,70.628105
Canada,2016,69.65317
Canada,2017,69.797066
Canada,2018,70.16951
Canada,2019,70.16747
Cape Verde,2000,71.29877
Cape Verde,2001,73.01193
Cape Verde,2002,72.79753
Cape Verde,2003,73.35093
Cape Verde,2004,71.356834
Cape Verde,2005,69.10211
Cape Verde,2006,66.253914
Cape Verde,2007,71.06494
Cape Verde,2008,68.44343
Cape Verde,2009,71.5402
Cape Verde,2010,63.25499
Cape Verde,2011,66.54674
Cape Verde,2012,59.897255
Cape Verde,2013,57.768185
Cape Verde,2014,57.13072
Cape Verde,2015,65.85605
Cape Verde,2016,63.557198
Cape Verde,2017,62.16227
Cape Verde,2018,60.93719
Cape Verde,2019,65.763214
Central African Republic,2000,40.24096
Central African Republic,2001,38.347645
Central African Republic,2002,33.960533
Central African Republic,2003,35.084995
Central African Republic,2004,34.252922
Central African Republic,2005,23.707169
Central African Republic,2006,27.635118
Central African Republic,2007,26.95021
Central African Republic,2008,20.777847
Central African Republic,2009,15.395178
Central African Republic,2010,15.283243
Central African Republic,2011,10.731145
Central African Republic,2012,15.802164
Central African Republic,2013,19.850891
Central African Republic,2014,14.462993
Central African Republic,2015,9.054849
Central African Republic,2016,11.012706
Central African Republic,2017,10.934351
Central African Republic,2018,6.262327
Central African Republic,2019,10.5701065
Chad,2000,38.031597
Chad,2001,34.867603
Chad,2002,28.842854
Chad,2003,31.534586
Chad,2004,34.872265
Chad,2005,29.53808
Chad,2006,20.454218
Chad,2007,23.549675
Chad,2008,19.590935
Chad,2009,20.85106
Chad,2010,20.981615
Chad,2011,21.41591
Chad,2012,24.778172
Chad,2013,27.940807
Chad,2014,28.88875
Chad,2015,21.264236
Chad,2016,16.283777
Chad,2017,15.275714
Chad,2018,16.746124
Chad,2019,17.31443
Chile,2000,35.794724
Chile,2001,36.364086
Chile,2002,37.541847
Chile,2003,38.24769
Chile,2004,39.466423
Chile,2005,39.342495
Chile,2006,41.348907
Chile,2007,42.258854
Chile,2008,43.525208
Chile,2009,46.861248
Chile,2010,47.1045
Chile,2011,47.157417
Chile,2012,47.93561
Chile,2013,47.649345
Chile,2014,47.735886
Chile,2015,48.016727
Chile,2016,49.652863
Chile,2017,50.399483
Chile,2018,50.821747
Chile,2019,50.917183
China,2000,21.975288
China,2001,22.917643
China,2002,25.385836
China,2003,28.37374
China,2004,30.244005
China,2005,32.757736
China,2006,35.1399
China,2007,39.026093
China,2008,44.5224
China,2009,49.398315
China,2010,51.906227
China,2011,53.722088
China,2012,55.735252
China,2013,57.050293
China,2014,58.41549
China,2015,60.18101
China,2016,58.101433
China,2017,56.673347
China,2018,56.416424
China,2019,55.97904
Colombia,2000,74.53344
Colombia,2001,75.051186
Colombia,2002,76.18763
Colombia,2003,77.37963
Colombia,2004,73.53197
Colombia,2005,71.820366
Colombia,2006,72.08507
Colombia,2007,70.65232
Colombia,2008,69.36096
Colombia,2009,72.05204
Colombia,2010,72.22514
Colombia,2011,73.499565
Colombia,2012,69.86178
Colombia,2013,69.857445
Colombia,2014,70.40434
Colombia,2015,70.83104
Colombia,2016,70.32949
Colombia,2017,71.040955
Colombia,2018,71.614456
Colombia,2019,71.88447
Comoros,2000,11.860525
Comoros,2001,7.9251995
Comoros,2002,14.242747
Comoros,2003,12.7958
Comoros,2004,12.006516
Comoros,2005,11.2851305
Comoros,2006,11.159469
Comoros,2007,10.413125
Comoros,2008,8.549525
Comoros,2009,7.590544
Comoros,2010,7.2207103
Comoros,2011,18.044151
Comoros,2012,15.371301
Comoros,2013,12.951281
Comoros,2014,10.606405
Comoros,2015,10.131198
Comoros,2016,12.337091
Comoros,2017,12.829122
Comoros,2018,15.615455
Comoros,2019,16.069036
Congo,2000,34.19883
Congo,2001,44.16408
Congo,2002,25.385708
Congo,2003,26.122156
Congo,2004,22.64743
Congo,2005,25.15717
Congo,2006,32.477917
Congo,2007,30.83691
Congo,2008,49.09125
Congo,2009,28.834988
Congo,2010,44.73592
Congo,2011,37.169
Congo,2012,42.88275
Congo,2013,48.194683
Congo,2014,47.992565
Congo,2015,45.542328
Congo,2016,43.156548
Congo,2017,38.369843
Congo,2018,35.32498
Congo,2019,37.593987
Costa Rica,2000,64.923004
Costa Rica,2001,65.556625
Costa Rica,2002,66.861694
Costa Rica,2003,66.37475
Costa Rica,2004,66.01708
Costa Rica,2005,63.95665
Costa Rica,2006,66.10926
Costa Rica,2007,66.21093
Costa Rica,2008,67.81955
Costa Rica,2009,70.9427
Costa Rica,2010,72.315
Costa Rica,2011,70.193085
Costa Rica,2012,70.68046
Costa Rica,2013,71.00036
Costa Rica,2014,71.0215
Costa Rica,2015,72.706184
Costa Rica,2016,73.32389
Costa Rica,2017,73.50927
Costa Rica,2018,72.39395
Costa Rica,2019,72.53588
Cote d'Ivoire,2000,9.579214
Cote d'Ivoire,2001,8.471428
Cote d'Ivoire,2002,9.202364
Cote d'Ivoire,2003,9.407269
Cote d'Ivoire,2004,10.226752
Cote d'Ivoire,2005,10.5682955
Cote d'Ivoire,2006,11.710427
Cote d'Ivoire,2007,12.922476
Cote d'Ivoire,2008,13.206759
Cote d'Ivoire,2009,14.9502535
Cote d'Ivoire,2010,13.306769
Cote d'Ivoire,2011,13.187049
Cote d'Ivoire,2012,16.851377
Cote d'Ivoire,2013,19.577179
Cote d'Ivoire,2014,20.84158
Cote d'Ivoire,2015,24.98393
Cote d'Ivoire,2016,25.68556
Cote d'Ivoire,2017,28.724674
Cote d'Ivoire,2018,29.06596
Cote d'Ivoire,2019,29.081001
Croatia,2000,85.02521
Croatia,2001,82.19973
Croatia,2002,79.01169
Croatia,2003,81.330185
Croatia,2004,79.81884
Croatia,2005,84.98888
Croatia,2006,84.659454
Croatia,2007,86.43176
Croatia,2008,83.83043
Croatia,2009,82.83022
Croatia,2010,83.40903
Croatia,2011,81.971306
Croatia,2012,82.65221
Croatia,2013,85.05267
Croatia,2014,84.03982
Croatia,2015,83.095474
Croatia,2016,82.76351
Croatia,2017,82.845894
Croatia,2018,83.20935
Croatia,2019,81.54313
Cuba,2000,83.69688
Cuba,2001,81.21708
Cuba,2002,80.50539
Cuba,2003,79.5319
Cuba,2004,80.043755
Cuba,2005,84.86508
Cuba,2006,85.59684
Cuba,2007,90.106735
Cuba,2008,90.96945
Cuba,2009,91.80177
Cuba,2010,90.77865
Cuba,2011,88.98712
Cuba,2012,86.703606
Cuba,2013,87.6078
Cuba,2014,90.250885
Cuba,2015,90.330505
Cuba,2016,89.60745
Cuba,2017,89.44213
Cuba,2018,88.90524
Cuba,2019,89.28464
Cyprus,2000,41.075237
Cyprus,2001,41.83109
Cyprus,2002,44.37968
Cyprus,2003,43.95332
Cyprus,2004,41.28711
Cyprus,2005,41.47131
Cyprus,2006,42.831055
Cyprus,2007,43.162823
Cyprus,2008,41.612038
Cyprus,2009,42.52926
Cyprus,2010,45.74548
Cyprus,2011,47.40315
Cyprus,2012,45.91552
Cyprus,2013,45.556095
Cyprus,2014,42.518032
Cyprus,2015,42.251198
Cyprus,2016,42.202904
Cyprus,2017,41.820442
Cyprus,2018,42.674118
Cyprus,2019,56.0063
Czechia,2000,88.70406
Czechia,2001,87.44812
Czechia,2002,88.07416
Czechia,2003,87.48167
Czechia,2004,87.60249
Czechia,2005,85.22626
Czechia,2006,85.50295
Czechia,2007,83.79243
Czechia,2008,80.994995
Czechia,2009,82.883385
Czechia,2010,83.12777
Czechia,2011,83.69435
Czechia,2012,83.544395
Czechia,2013,83.406
Czechia,2014,82.57014
Czechia,2015,82.23296
Czechia,2016,81.87832
Czechia,2017,81.766655
Czechia,2018,82.70378
Czechia,2019,81.49842
Democratic Republic of Congo,2000,4.001916
Democratic Republic of Congo,2001,3.9299712
Democratic Republic of Congo,2002,3.9285276
Democratic Republic of Congo,2003,6.0121646
Democratic Republic of Congo,2004,4.2122684
Democratic Republic of Congo,2005,5.127828
Democratic Republic of Congo,2006,5.1511946
Democratic Republic of Congo,2007,5.6106
Democratic Republic of Congo,2008,5.846419
Democratic Republic of Congo,2009,6.8544655
Democratic Republic of Congo,2010,10.306258
Democratic Republic of Congo,2011,10.852781
Democratic Republic of Congo,2012,16.134819
Democratic Republic of Congo,2013,13.974921
Democratic Republic of Congo,2014,13.843814
Democratic Republic of Congo,2015,16.678547
Democratic Republic of Congo,2016,12.625305
Democratic Republic of Congo,2017,9.949007
Democratic Republic of Congo,2018,15.078378
Democratic Republic of Congo,2019,15.818042
Denmark,2000,83.10736
Denmark,2001,83.405685
Denmark,2002,83.80578
Denmark,2003,83.90985
Denmark,2004,83.54908
Denmark,2005,83.744064
Denmark,2006,83.870255
Denmark,2007,83.70829
Denmark,2008,84.01987
Denmark,2009,84.458755
Denmark,2010,83.87973
Denmark,2011,83.61362
Denmark,2012,83.97979
Denmark,2013,84.26118
Denmark,2014,84.18953
Denmark,2015,84.1832
Denmark,2016,84.12241
Denmark,2017,84.02402
Denmark,2018,83.88056
Denmark,2019,83.28965
Djibouti,2000,48.006416
Djibouti,2001,44.593956
Djibouti,2002,35.86056
Djibouti,2003,37.823128
Djibouti,2004,43.28553
Djibouti,2005,43.3422
Djibouti,2006,49.54573
Djibouti,2007,50.82165
Djibouti,2008,57.399605
Djibouti,2009,59.26671
Djibouti,2010,60.679157
Djibouti,2011,63.493114
Djibouti,2012,57.279022
Djibouti,2013,61.892677
Djibouti,2014,59.482967
Djibouti,2015,55.046143
Djibouti,2016,48.48154
Djibouti,2017,46.43397
Djibouti,2018,49.4074
Djibouti,2019,53.665733
Dominica,2000,63.117947
Dominica,2001,55.34972
Dominica,2002,52.36088
Dominica,2003,55.758785
Dominica,2004,54.227978
Dominica,2005,56.13931
Dominica,2006,56.37024
Dominica,2007,52.60812
Dominica,2008,51.78384
Dominica,2009,53.630936
Dominica,2010,57.38661
Dominica,2011,59.069546
Dominica,2012,60.06043
Dominica,2013,61.36355
Dominica,2014,61.032307
Dominica,2015,63.04369
Dominica,2016,65.01005
Dominica,2017,69.00895
Dominica,2018,66.39792
Dominica,2019,64.46092
Dominican Republic,2000,35.02082
Dominican Republic,2001,34.892864
Dominican Republic,2002,33.68211
Dominican Republic,2003,26.428286
Dominican Republic,2004,26.766384
Dominican Republic,2005,31.996267
Dominican Republic,2006,35.098663
Dominican Republic,2007,40.04421
Dominican Republic,2008,44.8847
Dominican Republic,2009,45.805527
Dominican Republic,2010,45.1014
Dominican Republic,2011,48.105362
Dominican Republic,2012,46.960274
Dominican Republic,2013,48.198
Dominican Republic,2014,42.790417
Dominican Republic,2015,40.935593
Dominican Republic,2016,45.724937
Dominican Republic,2017,46.00228
Dominican Republic,2018,44.3062
Dominican Republic,2019,44.89686
East Asia and Pacific,2000,70.34904
East Asia and Pacific,2001,69.95515
East Asia and Pacific,2002,69.24136
East Asia and Pacific,2003,68.79939
East Asia and Pacific,2004,69.088234
East Asia and Pacific,2005,68.84816
East Asia and Pacific,2006,67.57661
East Asia and Pacific,2007,67.81393
East Asia and Pacific,2008,67.927124
East Asia and Pacific,2009,69.04545
East Asia and Pacific,2010,69.29954
East Asia and Pacific,2011,70.761696
East Asia and Pacific,2012,70.45795
East Asia and Pacific,2013,68.79907
East Asia and Pacific,2014,68.4677
East Asia and Pacific,2015,68.44708
East Asia and Pacific,2016,68.18466
East Asia and Pacific,2017,67.06611
East Asia and Pacific,2018,66.2845
East Asia and Pacific,2019,66.2187
Ecuador,2000,28.850082
Ecuador,2001,33.439556
Ecuador,2002,31.583029
Ecuador,2003,30.659002
Ecuador,2004,31.125317
Ecuador,2005,30.080362
Ecuador,2006,31.870195
Ecuador,2007,38.30803
Ecuador,2008,39.03658
Ecuador,2009,41.780415
Ecuador,2010,46.345764
Ecuador,2011,47.32579
Ecuador,2012,50.83788
Ecuador,2013,56.244003
Ecuador,2014,61.19425
Ecuador,2015,57.565575
Ecuador,2016,60.66104
Ecuador,2017,61.179398
Ecuador,2018,62.682236
Ecuador,2019,61.770992
Egypt,2000,35.187183
Egypt,2001,34.22035
Egypt,2002,34.461395
Egypt,2003,31.922037
Egypt,2004,32.51029
Egypt,2005,32.28804
Egypt,2006,36.02455
Egypt,2007,35.288708
Egypt,2008,34.39306
Egypt,2009,35.0471
Egypt,2010,32.930992
Egypt,2011,33.843826
Egypt,2012,28.70971
Egypt,2013,29.264894
Egypt,2014,29.542252
Egypt,2015,31.243456
Egypt,2016,30.8666
Egypt,2017,30.971972
Egypt,2018,28.73188
Egypt,2019,27.784657
El Salvador,2000,44.18253
El Salvador,2001,43.439777
El Salvador,2002,45.60386
El Salvador,2003,46.26562
El Salvador,2004,47.26713
El Salvador,2005,50.352924
El Salvador,2006,57.555492
El Salvador,2007,54.346283
El Salvador,2008,53.987278
El Salvador,2009,49.654297
El Salvador,2010,53.950626
El Salvador,2011,59.76947
El Salvador,2012,59.9098
El Salvador,2013,62.665855
El Salvador,2014,62.204044
El Salvador,2015,64.29987
El Salvador,2016,64.47002
El Salvador,2017,63.745613
El Salvador,2018,63.851124
El Salvador,2019,63.48026
Equatorial Guinea,2000,14.863944
Equatorial Guinea,2001,8.6168995
Equatorial Guinea,2002,6.7556543
Equatorial Guinea,2003,10.092553
Equatorial Guinea,2004,9.642605
Equatorial Guinea,2005,13.781747
Equatorial Guinea,2006,17.204575
Equatorial Guinea,2007,18.442192
Equatorial Guinea,2008,16.282228
Equatorial Guinea,2009,31.887892
Equatorial Guinea,2010,24.949587
Equatorial Guinea,2011,26.067385
Equatorial Guinea,2012,41.488102
Equatorial Guinea,2013,22.776676
Equatorial Guinea,2014,21.475578
Equatorial Guinea,2015,19.01675
Equatorial Guinea,2016,22.085924
Equatorial Guinea,2017,19.961708
Equatorial Guinea,2018,20.113453
Equatorial Guinea,2019,21.254408
Eritrea,2000,35.591434
Eritrea,2001,30.272945
Eritrea,2002,31.68949
Eritrea,2003,22.747404
Eritrea,2004,22.244953
Eritrea,2005,12.426639
Eritrea,2006,11.930839
Eritrea,2007,23.01511
Eritrea,2008,23.128199
Eritrea,2009,19.14519
Eritrea,2010,20.832499
Eritrea,2011,14.769284
Eritrea,2012,20.979485
Eritrea,2013,15.574696
Eritrea,2014,12.672973
Eritrea,2015,16.627108
Eritrea,2016,20.844088
Eritrea,2017,27.023687
Eritrea,2018,15.607105
Eritrea,2019,17.60498
Estonia,2000,76.06137
Estonia,2001,78.25784
Estonia,2002,76.21243
Estonia,2003,76.02257
Estonia,2004,73.936485
Estonia,2005,74.01465
Estonia,2006,74.75247
Estonia,2007,75.04587
Estonia,2008,76.231064
Estonia,2009,77.1799
Estonia,2010,74.20081
Estonia,2011,74.99227
Estonia,2012,76.138535
Estonia,2013,75.46358
Estonia,2014,75.37685
Estonia,2015,75.34112
Estonia,2016,75.41832
Estonia,2017,73.50711
Estonia,2018,73.61356
Estonia,2019,74.41665
Eswatini,2000,52.30071
Eswatini,2001,46.39697
Eswatini,2002,43.86367
Eswatini,2003,45.73136
Eswatini,2004,44.376293
Eswatini,2005,49.35587
Eswatini,2006,44.207314
Eswatini,2007,47.340294
Eswatini,2008,50.281723
Eswatini,2009,51.679962
Eswatini,2010,49.21387
Eswatini,2011,42.63956
Eswatini,2012,43.64648
Eswatini,2013,44.587746
Eswatini,2014,37.75822
Eswatini,2015,41.75714
Eswatini,2016,41.72722
Eswatini,2017,50.74532
Eswatini,2018,48.405563
Eswatini,2019,50.73398
Ethiopia,2000,41.22625
Ethiopia,2001,42.670994
Ethiopia,2002,44.16249
Ethiopia,2003,46.45885
Ethiopia,2004,30.727825
Ethiopia,2005,42.141514
Ethiopia,2006,25.128633
Ethiopia,2007,26.654518
Ethiopia,2008,12.013399
Ethiopia,2009,19.50625
Ethiopia,2010,17.268559
Ethiopia,2011,8.529389
Ethiopia,2012,23.49619
Ethiopia,2013,26.985386
Ethiopia,2014,17.72079
Ethiopia,2015,25.251543
Ethiopia,2016,24.998478
Ethiopia,2017,24.939957
Ethiopia,2018,23.302639
Ethiopia,2019,22.70312
Europe and Central Asia,2000,73.03222
Europe and Central Asia,2001,73.20939
Europe and Central Asia,2002,73.41594
Europe and Central Asia,2003,73.469795
Europe and Central Asia,2004,73.31046
Europe and Central Asia,2005,73.55648
Europe and Central Asia,2006,73.4438
Europe and Central Asia,2007,73.12546
Europe and Central Asia,2008,73.15723
Europe and Central Asia,2009,73.691765
Europe and Central Asia,2010,73.38193
Europe and Central Asia,2011,72.88772
Europe and Central Asia,2012,72.58142
Europe and Central Asia,2013,72.39971
Europe and Central Asia,2014,72.5592
Europe and Central Asia,2015,72.56418
Europe and Central Asia,2016,72.92846
Europe and Central Asia,2017,72.75405
Europe and Central Asia,2018,73.00243
Europe and Central Asia,2019,73.02516
European Union,2000,74.76383
European Union,2001,74.97449
European Union,2002,74.937004
European Union,2003,74.7132
European Union,2004,74.18842
European Union,2005,74.34839
European Union,2006,74.011116
European Union,2007,73.87609
European Union,2008,73.911095
European Union,2009,74.307465
European Union,2010,74.279465
European Union,2011,73.87268
European Union,2012,73.53549
European Union,2013,73.78652
European Union,2014,73.87714
European Union,2015,74.0921
European Union,2016,74.731125
European Union,2017,74.78474
European Union,2018,74.956764
European Union,2019,74.903625
Fiji,2000,76.84042
Fiji,2001,71.814224
Fiji,2002,73.79864
Fiji,2003,74.78234
Fiji,2004,68.07651
Fiji,2005,74.21462
Fiji,2006,73.940414
Fiji,2007,72.27155
Fiji,2008,69.44023
Fiji,2009,62.003605
Fiji,2010,63.89649
Fiji,2011,60.13279
Fiji,2012,58.613007
Fiji,2013,58.48069
Fiji,2014,61.334198
Fiji,2015,63.118027
Fiji,2016,63.902283
Fiji,2017,66.230896
Fiji,2018,67.8305
Fiji,2019,65.38835
Finland,2000,75.72887
Finland,2001,76.21709
Finland,2002,76.82077
Finland,2003,77.314514
Finland,2004,77.83823
Finland,2005,77.80793
Finland,2006,78.743996
Finland,2007,78.621544
Finland,2008,78.827545
Finland,2009,79.026024
Finland,2010,78.54333
Finland,2011,79.16613
Finland,2012,79.80427
Finland,2013,79.4615
Finland,2014,79.556015
Finland,2015,78.56343
Finland,2016,77.83335
Finland,2017,78.012474
Finland,2018,78.55684
Finland,2019,80.16697
France,2000,72.72908
France,2001,72.75837
France,2002,73.002
France,2003,72.63542
France,2004,72.64558
France,2005,72.54794
France,2006,71.2734
France,2007,71.09663
France,2008,70.62646
France,2009,70.67965
France,2010,70.44328
France,2011,70.20536
France,2012,70.29096
France,2013,70.43659
France,2014,70.49736
France,2015,72.36743
France,2016,75.13102
France,2017,75.85519
France,2018,75.93455
France,2019,75.31172
Gabon,2000,36.616287
Gabon,2001,40.063942
Gabon,2002,36.019196
Gabon,2003,40.58119
Gabon,2004,40.811687
Gabon,2005,35.93405
Gabon,2006,38.708057
Gabon,2007,38.987038
Gabon,2008,38.023216
Gabon,2009,40.12565
Gabon,2010,63.55135
Gabon,2011,61.99217
Gabon,2012,61.25045
Gabon,2013,64.17147
Gabon,2014,59.881355
Gabon,2015,58.909863
Gabon,2016,64.69581
Gabon,2017,63.28516
Gabon,2018,58.598648
Gabon,2019,60.310936
Gambia,2000,8.80672
Gambia,2001,10.398619
Gambia,2002,8.298073
Gambia,2003,10.241586
Gambia,2004,13.694596
Gambia,2005,13.858957
Gambia,2006,13.873085
Gambia,2007,12.092469
Gambia,2008,12.957588
Gambia,2009,16.985184
Gambia,2010,17.534939
Gambia,2011,18.447021
Gambia,2012,22.702185
Gambia,2013,27.69123
Gambia,2014,24.536491
Gambia,2015,31.431091
Gambia,2016,35.022717
Gambia,2017,25.598284
Gambia,2018,21.915207
Gambia,2019,27.248102
Georgia,2000,11.409396
Georgia,2001,15.836552
Georgia,2002,14.357262
Georgia,2003,14.285715
Georgia,2004,14.565483
Georgia,2005,14.922279
Georgia,2006,15.526803
Georgia,2007,14.703618
Georgia,2008,18.176329
Georgia,2009,21.424534
Georgia,2010,21.313131
Georgia,2011,17.48286
Georgia,2012,19.443176
Georgia,2013,23.558119
Georgia,2014,27.601627
Georgia,2015,35.56967
Georgia,2016,36.640263
Georgia,2017,37.214653
Georgia,2018,39.4615
Georgia,2019,40.815617
Germany,2000,78.20437
Germany,2001,78.176186
Germany,2002,77.82389
Germany,2003,77.4121
Germany,2004,75.89608
Germany,2005,75.67681
Germany,2006,75.2426
Germany,2007,75.17066
Germany,2008,75.286736
Germany,2009,75.65793
Germany,2010,75.69684
Germany,2011,75.411705
Germany,2012,75.44361
Germany,2013,76.42946
Germany,2014,77.02643
Germany,2015,76.96601
Germany,2016,77.27536
Germany,2017,77.72101
Germany,2018,77.567505
Germany,2019,77.72578
Ghana,2000,27.797857
Ghana,2001,33.528866
Ghana,2002,24.144875
Ghana,2003,29.120436
Ghana,2004,26.149845
Ghana,2005,40.35145
Ghana,2006,40.0498
Ghana,2007,43.211044
Ghana,2008,45.150974
Ghana,2009,49.34489
Ghana,2010,56.090332
Ghana,2011,50.242996
Ghana,2012,49.207054
Ghana,2013,40.462563
Ghana,2014,35.076607
Ghana,2015,35.082226
Ghana,2016,38.355553
Ghana,2017,32.37766
Ghana,2018,39.45598
Ghana,2019,40.240795
Greece,2000,61.626427
Greece,2001,63.20638
Greece,2002,60.457687
Greece,2003,59.864056
Greece,2004,58.624603
Greece,2005,60.834236
Greece,2006,61.60877
Greece,2007,63.336964
Greece,2008,65.33537
Greece,2009,68.319405
Greece,2010,68.904434
Greece,2011,65.70302
Greece,2012,63.603817
Greece,2013,61.02864
Greece,2014,56.984173
Greece,2015,56.8612
Greece,2016,52.12161
Greece,2017,52.105778
Greece,2018,51.661903
Greece,2019,48.125523
Grenada,2000,34.71628
Grenada,2001,38.215084
Grenada,2002,43.908234
Grenada,2003,40.896694
Grenada,2004,48.35806
Grenada,2005,47.056858
Grenada,2006,39.97494
Grenada,2007,38.34369
Grenada,2008,36.443382
Grenada,2009,39.930267
Grenada,2010,37.954956
Grenada,2011,41.62673
Grenada,2012,40.996204
Grenada,2013,40.49074
Grenada,2014,43.848934
Grenada,2015,41.6406
Grenada,2016,39.776352
Grenada,2017,40.54025
Grenada,2018,40.69264
Grenada,2019,41.390583
Guatemala,2000,35.44108
Guatemala,2001,32.643585
Guatemala,2002,32.34149
Guatemala,2003,33.17714
Guatemala,2004,32.32018
Guatemala,2005,30.596268
Guatemala,2006,32.47478
Guatemala,2007,31.958782
Guatemala,2008,33.778824
Guatemala,2009,35.64605
Guatemala,2010,33.65649
Guatemala,2011,33.43029
Guatemala,2012,33.3642
Guatemala,2013,38.37312
Guatemala,2014,38.005215
Guatemala,2015,37.93196
Guatemala,2016,37.686848
Guatemala,2017,35.84477
Guatemala,2018,36.008816
Guatemala,2019,38.425095
Guinea,2000,6.347921
Guinea,2001,7.5901995
Guinea,2002,11.939442
Guinea,2003,8.834739
Guinea,2004,5.0530443
Guinea,2005,6.463638
Guinea,2006,6.8783693
Guinea,2007,7.0117884
Guinea,2008,8.264053
Guinea,2009,7.2753406
Guinea,2010,10.590644
Guinea,2011,13.467756
Guinea,2012,14.677969
Guinea,2013,14.117704
Guinea,2014,12.772022
Guinea,2015,7.3902025
Guinea,2016,12.298506
Guinea,2017,15.342081
Guinea,2018,16.514986
Guinea,2019,22.523987
Guinea-Bissau,2000,46.68306
Guinea-Bissau,2001,43.048634
Guinea-Bissau,2002,29.783865
Guinea-Bissau,2003,38.198215
Guinea-Bissau,2004,43.086777
Guinea-Bissau,2005,37.085155
Guinea-Bissau,2006,34.126724
Guinea-Bissau,2007,34.673615
Guinea-Bissau,2008,31.436083
Guinea-Bissau,2009,38.38631
Guinea-Bissau,2010,16.57773
Guinea-Bissau,2011,7.0283318
Guinea-Bissau,2012,8.486602
Guinea-Bissau,2013,7.8358455
Guinea-Bissau,2014,5.9835615
Guinea-Bissau,2015,6.6131325
Guinea-Bissau,2016,5.81887
Guinea-Bissau,2017,7.1193337
Guinea-Bissau,2018,7.258435
Guinea-Bissau,2019,6.376374
Guyana,2000,56.10593
Guyana,2001,53.426743
Guyana,2002,54.34016
Guyana,2003,52.895416
Guyana,2004,50.609238
Guyana,2005,46.92925
Guyana,2006,42.019352
Guyana,2007,39.327293
Guyana,2008,40.331974
Guyana,2009,43.216236
Guyana,2010,43.122856
Guyana,2011,48.584515
Guyana,2012,48.46244
Guyana,2013,49.657097
Guyana,2014,55.099953
Guyana,2015,58.587723
Guyana,2016,63.007725
Guyana,2017,64.638145
Guyana,2018,60.17403
Guyana,2019,59.44682
Haiti,2000,21.820131
Haiti,2001,19.389769
Haiti,2002,14.243698
Haiti,2003,14.616498
Haiti,2004,17.099634
Haiti,2005,17.650042
Haiti,2006,8.321029
Haiti,2007,21.727972
Haiti,2008,22.153893
Haiti,2009,22.33143
Haiti,2010,17.867178
Haiti,2011,7.132504
Haiti,2012,8.222393
Haiti,2013,11.582771
Haiti,2014,10.360761
Haiti,2015,11.051777
Haiti,2016,11.019479
Haiti,2017,11.771946
Haiti,2018,12.1902275
Haiti,2019,11.018371
High income,2000,59.45087
High income,2001,59.354195
High income,2002,59.14314
High income,2003,59.6768
High income,2004,60.2753
High income,2005,60.356075
High income,2006,60.430984
High income,2007,60.78247
High income,2008,61.811943
High income,2009,62.325657
High income,2010,62.43714
High income,2011,63.199615
High income,2012,62.695232
High income,2013,62.498817
High income,2014,62.782764
High income,2015,62.009933
High income,2016,61.87246
High income,2017,61.71808
High income,2018,61.864346
High income,2019,61.743256
Honduras,2000,48.225468
Honduras,2001,42.010532
Honduras,2002,40.677265
Honduras,2003,37.925953
Honduras,2004,35.7597
Honduras,2005,38.925858
Honduras,2006,41.637867
Honduras,2007,41.23646
Honduras,2008,38.57394
Honduras,2009,44.10111
Honduras,2010,42.359932
Honduras,2011,44.287556
Honduras,2012,39.08075
Honduras,2013,41.2132
Honduras,2014,40.3441
Honduras,2015,39.391335
Honduras,2016,39.97731
Honduras,2017,40.590866
Honduras,2018,39.225952
Honduras,2019,39.163773
Hungary,2000,68.84632
Hungary,2001,66.90215
Hungary,2002,69.24012
Hungary,2003,69.98189
Hungary,2004,69.624725
Hungary,2005,70.15788
Hungary,2006,70.35379
Hungary,2007,67.788574
Hungary,2008,67.74673
Hungary,2009,67.98168
Hungary,2010,66.62557
Hungary,2011,66.217026
Hungary,2012,64.84033
Hungary,2013,66.20976
Hungary,2014,66.72171
Hungary,2015,67.78528
Hungary,2016,67.71108
Hungary,2017,68.34321
Hungary,2018,69.557686
Hungary,2019,67.98222
Iceland,2000,80.57293
Iceland,2001,80.52631
Iceland,2002,81.43344
Iceland,2003,81.27566
Iceland,2004,80.94917
Iceland,2005,81.00184
Iceland,2006,81.58273
Iceland,2007,82.0176
Iceland,2008,82.21314
Iceland,2009,81.638374
Iceland,2010,79.8606
Iceland,2011,80.00639
Iceland,2012,79.920685
Iceland,2013,80.23288
Iceland,2014,80.49408
Iceland,2015,80.809875
Iceland,2016,81.50876
Iceland,2017,81.96689
Iceland,2018,82.46563
Iceland,2019,82.88879
India,2000,20.680143
India,2001,18.876913
India,2002,18.164425
India,2003,18.716404
India,2004,17.982412
India,2005,20.126728
India,2006,20.50616
India,2007,20.898886
India,2008,22.627346
India,2009,25.610205
India,2010,26.206314
India,2011,28.873085
India,2012,27.98948
India,2013,23.071218
India,2014,23.664042
India,2015,25.640127
India,2016,26.838413
India,2017,32.948044
India,2018,30.077637
India,2019,32.788464
Indonesia,2000,29.6676
Indonesia,2001,36.450954
Indonesia,2002,34.04227
Indonesia,2003,36.37523
Indonesia,2004,35.342175
Indonesia,2005,28.916327
Indonesia,2006,31.718046
Indonesia,2007,36.074745
Indonesia,2008,35.234043
Indonesia,2009,35.13376
Indonesia,2010,23.687553
Indonesia,2011,23.475138
Indonesia,2012,26.327309
Indonesia,2013,28.468773
Indonesia,2014,33.48168
Indonesia,2015,39.599342
Indonesia,2016,45.52692
Indonesia,2017,46.479507
Indonesia,2018,48.677105
Indonesia,2019,48.93665
Iran,2000,37.70975
Iran,2001,38.26736
Iran,2002,39.263847
Iran,2003,39.40636
Iran,2004,36.43324
Iran,2005,36.87053
Iran,2006,41.677204
Iran,2007,39.826878
Iran,2008,37.077705
Iran,2009,36.65221
Iran,2010,32.35679
Iran,2011,33.35729
Iran,2012,34.309734
Iran,2013,38.491405
Iran,2014,50.37258
Iran,2015,51.89373
Iran,2016,50.610077
Iran,2017,51.57277
Iran,2018,45.927547
Iran,2019,49.503864
Iraq,2003,45.333755
Iraq,2004,70.92875
Iraq,2005,69.728264
Iraq,2006,66.41515
Iraq,2007,65.59613
Iraq,2008,78.44077
Iraq,2009,77.58358
Iraq,2010,73.87699
Iraq,2011,74.83477
Iraq,2012,37.50226
Iraq,2013,40.659435
Iraq,2014,37.098427
Iraq,2015,23.239922
Iraq,2016,20.482964
Iraq,2017,41.860535
Iraq,2018,48.131477
Iraq,2019,49.370453
Ireland,2000,77.514465
Ireland,2001,78.43862
Ireland,2002,78.99122
Ireland,2003,78.763176
Ireland,2004,78.91646
Ireland,2005,78.86785
Ireland,2006,77.82533
Ireland,2007,79.23339
Ireland,2008,79.32147
Ireland,2009,77.07171
Ireland,2010,76.17775
Ireland,2011,71.89431
Ireland,2012,71.74548
Ireland,2013,70.591705
Ireland,2014,71.00539
Ireland,2015,72.008965
Ireland,2016,72.72129
Ireland,2017,72.979126
Ireland,2018,74.12603
Ireland,2019,74.57802
Israel,2000,63.10085
Israel,2001,62.681587
Israel,2002,64.01109
Israel,2003,62.512684
Israel,2004,61.777668
Israel,2005,59.93183
Israel,2006,62.321346
Israel,2007,60.59379
Israel,2008,61.28447
Israel,2009,61.21596
Israel,2010,62.80176
Israel,2011,62.588837
Israel,2012,62.60701
Israel,2013,63.41858
Israel,2014,63.132454
Israel,2015,63.416817
Israel,2016,63.31613
Israel,2017,63.882553
Israel,2018,64.551704
Israel,2019,64.77963
Italy,2000,72.638145
Italy,2001,74.62194
Italy,2002,74.95858
Italy,2003,75.33365
Italy,2004,76.244
Italy,2005,77.48858
Italy,2006,77.750465
Italy,2007,77.48771
Italy,2008,77.675285
Italy,2009,78.30512
Italy,2010,78.4536
Italy,2011,77.01279
Italy,2012,75.876816
Italy,2013,75.758514
Italy,2014,75.424934
Italy,2015,74.43542
Italy,2016,74.40103
Italy,2017,73.735374
Italy,2018,73.843254
Italy,2019,73.91931
Jamaica,2000,56.467533
Jamaica,2001,46.55213
Jamaica,2002,58.18744
Jamaica,2003,48.497765
Jamaica,2004,51.482475
Jamaica,2005,49.135975
Jamaica,2006,47.54183
Jamaica,2007,50.074684
Jamaica,2008,52.595394
Jamaica,2009,57.2766
Jamaica,2010,57.53091
Jamaica,2011,59.117447
Jamaica,2012,56.957977
Jamaica,2013,59.99071
Jamaica,2014,59.261044
Jamaica,2015,63.271667
Jamaica,2016,63.596237
Jamaica,2017,66.11816
Jamaica,2018,65.16251
Jamaica,2019,65.25022
Japan,2000,80.430534
Japan,2001,80.96407
Japan,2002,80.752975
Japan,2003,79.963806
Japan,2004,80.2742
Japan,2005,81.16796
Japan,2006,80.32153
Japan,2007,81.24928
Japan,2008,81.170616
Japan,2009,81.29418
Japan,2010,81.927246
Japan,2011,83.74062
Japan,2012,83.93069
Japan,2013,84.26091
Japan,2014,84.11786
Japan,2015,84.082985
Japan,2016,84.03721
Japan,2017,84.21469
Japan,2018,83.77095
Japan,2019,83.85676
Jordan,2000,44.9827
Jordan,2001,45.627983
Jordan,2002,47.408535
Jordan,2003,46.585735
Jordan,2004,39.315067
Jordan,2005,51.706703
Jordan,2006,51.279068
Jordan,2007,56.70308
Jordan,2008,60.51282
Jordan,2009,67.08152
Jordan,2010,66.70902
Jordan,2011,67.4473
Jordan,2012,64.407745
Jordan,2013,61.551624
Jordan,2014,64.475075
Jordan,2015,53.540016
Jordan,2016,48.52363
Jordan,2017,44.800537
Jordan,2018,48.43356
Jordan,2019,51.17519
Kazakhstan,2000,50.947636
Kazakhstan,2001,56.64601
Kazakhstan,2002,53.496212
Kazakhstan,2003,54.8055
Kazakhstan,2004,58.24765
Kazakhstan,2005,64.906944
Kazakhstan,2006,68.09195
Kazakhstan,2007,66.27427
Kazakhstan,2008,74.31517
Kazakhstan,2009,75.90641
Kazakhstan,2010,67.3873
Kazakhstan,2011,70.79856
Kazakhstan,2012,68.14988
Kazakhstan,2013,69.36115
Kazakhstan,2014,71.715614
Kazakhstan,2015,63.14422
Kazakhstan,2016,59.615414
Kazakhstan,2017,62.005077
Kazakhstan,2018,60.83681
Kazakhstan,2019,59.93823
Kenya,2000,28.594818
Kenya,2001,29.140305
Kenya,2002,30.282036
Kenya,2003,28.794489
Kenya,2004,26.492443
Kenya,2005,27.89969
Kenya,2006,24.83134
Kenya,2007,25.952435
Kenya,2008,27.075794
Kenya,2009,27.88091
Kenya,2010,28.962194
Kenya,2011,30.865473
Kenya,2012,32.407845
Kenya,2013,33.68307
Kenya,2014,37.406967
Kenya,2015,40.38046
Kenya,2016,42.80955
Kenya,2017,42.93967
Kenya,2018,43.10948
Kenya,2019,45.979008
Kiribati,2000,96.68036
Kiribati,2001,96.304344
Kiribati,2002,95.84045
Kiribati,2003,96.13912
Kiribati,2004,97.121315
Kiribati,2005,96.42112
Kiribati,2006,83.00761
Kiribati,2007,80.66021
Kiribati,2008,74.59828
Kiribati,2009,63.94714
Kiribati,2010,91.42417
Kiribati,2011,94.718445
Kiribati,2012,88.80543
Kiribati,2013,82.19873
Kiribati,2014,82.82767
Kiribati,2015,85.21583
Kiribati,2016,79.54343
Kiribati,2017,75.67411
Kiribati,2018,74.39754
Kiribati,2019,82.2997
Kuwait,2000,72.54471
Kuwait,2001,78.88749
Kuwait,2002,76.80327
Kuwait,2003,76.893585
Kuwait,2004,76.26429
Kuwait,2005,76.210526
Kuwait,2006,76.52495
Kuwait,2007,76.42374
Kuwait,2008,78.09232
Kuwait,2009,81.58334
Kuwait,2010,84.20079
Kuwait,2011,84.47299
Kuwait,2012,83.46147
Kuwait,2013,83.96836
Kuwait,2014,84.58883
Kuwait,2015,84.85923
Kuwait,2016,85.31621
Kuwait,2017,85.709236
Kuwait,2018,88.19838
Kuwait,2019,86.961136
Kyrgyzstan,2000,48.353554
Kyrgyzstan,2001,46.83544
Kyrgyzstan,2002,48.33863
Kyrgyzstan,2003,38.918587
Kyrgyzstan,2004,37.67675
Kyrgyzstan,2005,50.99052
Kyrgyzstan,2006,50.672
Kyrgyzstan,2007,44.507607
Kyrgyzstan,2008,44.380306
Kyrgyzstan,2009,50.454407
Kyrgyzstan,2010,49.13737
Kyrgyzstan,2011,51.96282
Kyrgyzstan,2012,49.6025
Kyrgyzstan,2013,48.206226
Kyrgyzstan,2014,37.363018
Kyrgyzstan,2015,37.92853
Kyrgyzstan,2016,38.94333
Kyrgyzstan,2017,37.95225
Kyrgyzstan,2018,48.394592
Kyrgyzstan,2019,51.421772
Laos,2000,28.842583
Laos,2001,30.989943
Laos,2002,27.552437
Laos,2003,24.474243
Laos,2004,22.432959
Laos,2005,27.173836
Laos,2006,21.90361
Laos,2007,18.086472
Laos,2008,18.549862
Laos,2009,33.111122
Laos,2010,20.732447
Laos,2011,18.86988
Laos,2012,21.03192
Laos,2013,29.696136
Laos,2014,29.747507
Laos,2015,35.209095
Laos,2016,32.40106
Laos,2017,35.188198
Laos,2018,38.695957
Laos,2019,36.933468
Latin America and Caribbean,2000,46.940212
Latin America and Caribbean,2001,46.549377
Latin America and Caribbean,2002,45.84129
Latin America and Caribbean,2003,45.835976
Latin America and Caribbean,2004,46.301117
Latin America and Caribbean,2005,45.349808
Latin America and Caribbean,2006,46.936207
Latin America and Caribbean,2007,47.29501
Latin America and Caribbean,2008,47.80277
Latin America and Caribbean,2009,48.73544
Latin America and Caribbean,2010,49.75803
Latin America and Caribbean,2011,50.629303
Latin America and Caribbean,2012,50.74573
Latin America and Caribbean,2013,51.778248
Latin America and Caribbean,2014,51.461567
Latin America and Caribbean,2015,53.06492
Latin America and Caribbean,2016,51.99551
Latin America and Caribbean,2017,51.915493
Latin America and Caribbean,2018,51.464737
Latin America and Caribbean,2019,50.74481
Latvia,2000,50.75323
Latvia,2001,48.73086
Latvia,2002,49.579624
Latvia,2003,49.829926
Latvia,2004,56.174946
Latvia,2005,55.698185
Latvia,2006,61.535603
Latvia,2007,60.89078
Latvia,2008,60.326904
Latvia,2009,59.6488
Latvia,2010,60.184837
Latvia,2011,63.49743
Latvia,2012,60.347824
Latvia,2013,60.01409
Latvia,2014,59.672398
Latvia,2015,58.67531
Latvia,2016,55.84833
Latvia,2017,57.16551
Latvia,2018,59.715973
Latvia,2019,60.55778
Lebanon,2000,29.819431
Lebanon,2001,32.68748
Lebanon,2002,32.85642
Lebanon,2003,33.900738
Lebanon,2004,37.12299
Lebanon,2005,38.413246
Lebanon,2006,41.00927
Lebanon,2007,41.04163
Lebanon,2008,39.340313
Lebanon,2009,38.197643
Lebanon,2010,40.309174
Lebanon,2011,43.714203
Lebanon,2012,43.501217
Lebanon,2013,44.11634
Lebanon,2014,47.476765
Lebanon,2015,44.783257
Lebanon,2016,46.344482
Lebanon,2017,46.465023
Lebanon,2018,50.000977
Lebanon,2019,48.98129
Lesotho,2000,56.406784
Lesotho,2001,54.7174
Lesotho,2002,52.677597
Lesotho,2003,58.875793
Lesotho,2004,57.079727
Lesotho,2005,48.260162
Lesotho,2006,56.405903
Lesotho,2007,63.72186
Lesotho,2008,56.736416
Lesotho,2009,54.07484
Lesotho,2010,56.029194
Lesotho,2011,56.17374
Lesotho,2012,52.13343
Lesotho,2013,48.43048
Lesotho,2014,53.76468
Lesotho,2015,59.056984
Lesotho,2016,57.960373
Lesotho,2017,55.1353
Lesotho,2018,47.17262
Lesotho,2019,43.53778
Liberia,2000,17.538395
Liberia,2001,22.692541
Liberia,2002,16.850471
Liberia,2003,14.53067
Liberia,2004,7.555914
Liberia,2005,5.919267
Liberia,2006,8.261585
Liberia,2007,7.6078496
Liberia,2008,15.1823
Liberia,2009,10.233267
Liberia,2010,8.896699
Liberia,2011,16.097406
Liberia,2012,9.948935
Liberia,2013,4.1333976
Liberia,2014,8.962446
Liberia,2015,11.34573
Liberia,2016,14.130144
Liberia,2017,15.194509
Liberia,2018,18.666788
Liberia,2019,16.096304
Libya,2000,48.70889
Libya,2001,54.472057
Libya,2002,66.91076
Libya,2003,66.244865
Libya,2004,65.78649
Libya,2005,64.65328
Libya,2006,65.3586
Libya,2007,66.529175
Libya,2008,67.65816
Libya,2009,68.7928
Libya,2010,69.9381
Libya,2011,63.293934
Lithuania,2000,67.25762
Lithuania,2001,70.204834
Lithuania,2002,72.81419
Lithuania,2003,74.315636
Lithuania,2004,62.629448
Lithuania,2005,60.706703
Lithuania,2006,62.43145
Lithuania,2007,65.83149
Lithuania,2008,70.721855
Lithuania,2009,71.87563
Lithuania,2010,71.08982
Lithuania,2011,70.331726
Lithuania,2012,66.6158
Lithuania,2013,65.59049
Lithuania,2014,66.573975
Lithuania,2015,66.08771
Lithuania,2016,65.75757
Lithuania,2017,65.15695
Lithuania,2018,65.99188
Lithuania,2019,65.08877
Low and middle income,2000,40.533085
Low and middle income,2001,40.437946
Low and middle income,2002,40.523106
Low and middle income,2003,41.332115
Low and middle income,2004,42.08258
Low and middle income,2005,42.861168
Low and middle income,2006,44.48893
Low and middle income,2007,45.989853
Low and middle income,2008,48.01099
Low and middle income,2009,49.47171
Low and middle income,2010,49.506943
Low and middle income,2011,50.336452
Low and middle income,2012,51.136375
Low and middle income,2013,51.767437
Low and middle income,2014,52.58786
Low and middle income,2015,53.393005
Low and middle income,2016,52.282234
Low and middle income,2017,52.241817
Low and middle income,2018,52.15716
Low and middle income,2019,52.35131
Low income,2000,28.103294
Low income,2001,33.554077
Low income,2002,32.151783
Low income,2003,32.640278
Low income,2004,30.025206
Low income,2005,29.410954
Low income,2006,26.441027
Low income,2007,26.8299
Low income,2008,24.349432
Low income,2009,25.687193
Low income,2010,24.051039
Low income,2011,21.066973
Low income,2012,22.262539
Low income,2013,18.79183
Low income,2014,19.765974
Low income,2015,21.694761
Low income,2016,21.0961
Low income,2017,19.60338
Low income,2018,20.20168
Low income,2019,21.64725
Lower middle income,2000,31.551746
Lower middle income,2001,31.25523
Lower middle income,2002,31.097393
Lower middle income,2003,30.646214
Lower middle income,2004,30.615404
Lower middle income,2005,31.219557
Lower middle income,2006,32.600376
Lower middle income,2007,33.175987
Lower middle income,2008,33.879013
Lower middle income,2009,34.48337
Lower middle income,2010,32.207615
Lower middle income,2011,33.2426
Lower middle income,2012,34.071995
Lower middle income,2013,33.085564
Lower middle income,2014,34.856987
Lower middle income,2015,35.853767
Lower middle income,2016,36.933537
Lower middle income,2017,39.34411
Lower middle income,2018,37.982826
Lower middle income,2019,39.00463
Luxembourg,2000,83.24608
Luxembourg,2001,84.04717
Luxembourg,2002,83.96315
Luxembourg,2003,83.86484
Luxembourg,2004,84.4966
Luxembourg,2005,84.14559
Luxembourg,2006,83.77575
Luxembourg,2007,85.357956
Luxembourg,2008,87.64614
Luxembourg,2009,86.714806
Luxembourg,2010,85.93012
Luxembourg,2011,84.32241
Luxembourg,2012,83.634315
Luxembourg,2013,83.86051
Luxembourg,2014,84.26283
Luxembourg,2015,84.50591
Luxembourg,2016,84.43628
Luxembourg,2017,84.781685
Luxembourg,2018,84.92115
Luxembourg,2019,85.86994
Madagascar,2000,39.553352
Madagascar,2001,39.50343
Madagascar,2002,35.998703
Madagascar,2003,45.03353
Madagascar,2004,41.704266
Madagascar,2005,37.272736
Madagascar,2006,37.065414
Madagascar,2007,41.90129
Madagascar,2008,33.952377
Madagascar,2009,27.986214
Madagascar,2010,40.159817
Madagascar,2011,37.809174
Madagascar,2012,38.974316
Madagascar,2013,34.882854
Madagascar,2014,39.476265
Madagascar,2015,40.02438
Madagascar,2016,45.119984
Madagascar,2017,46.36674
Madagascar,2018,35.26932
Madagascar,2019,32.185562
Malawi,2000,51.873184
Malawi,2001,49.387005
Malawi,2002,36.35472
Malawi,2003,35.393635
Malawi,2004,21.0639
Malawi,2005,24.479877
Malawi,2006,19.211445
Malawi,2007,13.496918
Malawi,2008,22.393108
Malawi,2009,17.97539
Malawi,2010,22.009642
Malawi,2011,21.65233
Malawi,2012,15.882246
Malawi,2013,18.021486
Malawi,2014,22.73354
Malawi,2015,28.649902
Malawi,2016,24.731577
Malawi,2017,22.667568
Malawi,2018,24.440027
Malawi,2019,32.592743
Malaysia,2000,46.657085
Malaysia,2001,50.512867
Malaysia,2002,51.213776
Malaysia,2003,51.94099
Malaysia,2004,50.936718
Malaysia,2005,48.8999
Malaysia,2006,53.872383
Malaysia,2007,52.917267
Malaysia,2008,53.120975
Malaysia,2009,55.554413
Malaysia,2010,53.05662
Malaysia,2011,53.24521
Malaysia,2012,53.93135
Malaysia,2013,53.905613
Malaysia,2014,54.73529
Malaysia,2015,53.261124
Malaysia,2016,51.248264
Malaysia,2017,51.893044
Malaysia,2018,51.325703
Malaysia,2019,52.19665
Maldives,2000,33.14654
Maldives,2001,32.60015
Maldives,2002,29.025988
Maldives,2003,31.691235
Maldives,2004,30.881298
Maldives,2005,33.617138
Maldives,2006,36.776928
Maldives,2007,47.13237
Maldives,2008,55.770344
Maldives,2009,57.702194
Maldives,2010,52.96122
Maldives,2011,46.412354
Maldives,2012,48.530144
Maldives,2013,52.84798
Maldives,2014,62.0189
Maldives,2015,72.10314
Maldives,2016,72.229095
Maldives,2017,71.45578
Maldives,2018,75.52784
Maldives,2019,79.29984
Mali,2000,23.665993
Mali,2001,23.331524
Mali,2002,22.213865
Mali,2003,27.969378
Mali,2004,30.44532
Mali,2005,26.895126
Mali,2006,22.435831
Mali,2007,18.972788
Mali,2008,14.198171
Mali,2009,12.773005
Mali,2010,14.298584
Mali,2011,15.0630865
Mali,2012,11.021627
Mali,2013,20.562992
Mali,2014,19.897825
Mali,2015,22.358961
Mali,2016,32.03074
Mali,2017,32.04769
Mali,2018,30.842146
Mali,2019,33.649246
Malta,2000,71.794876
Malta,2001,68.666664
Malta,2002,70.4023
Malta,2003,69.84127
Malta,2004,69.543144
Malta,2005,69.12752
Malta,2006,68.4874
Malta,2007,66.80761
Malta,2008,64.7541
Malta,2009,64.91935
Malta,2010,64.575645
Malta,2011,64.44444
Malta,2012,65.64019
Malta,2013,67.55555
Malta,2014,61.61486
Malta,2015,60.832233
Malta,2016,63.02824
Malta,2017,62.897003
Malta,2018,63.477863
Malta,2019,63.102543
Marshall Islands,2000,50.713516
Marshall Islands,2001,48.596687
Marshall Islands,2002,44.02392
Marshall Islands,2003,41.922962
Marshall Islands,2004,38.079803
Marshall Islands,2005,25.699022
Marshall Islands,2006,19.186134
Marshall Islands,2007,40.017513
Marshall Islands,2008,32.489403
Marshall Islands,2009,33.521114
Marshall Islands,2010,28.743946
Marshall Islands,2011,39.342285
Marshall Islands,2012,40.89173
Marshall Islands,2013,43.863735
Marshall Islands,2014,39.38068
Marshall Islands,2015,38.026203
Marshall Islands,2016,40.010418
Marshall Islands,2017,38.58596
Marshall Islands,2018,43.216763
Marshall Islands,2019,41.16528
Mauritania,2000,13.903456
Mauritania,2001,15.261019
Mauritania,2002,21.819305
Mauritania,2003,19.144096
Mauritania,2004,19.073692
Mauritania,2005,24.082462
Mauritania,2006,25.02085
Mauritania,2007,26.556318
Mauritania,2008,29.460701
Mauritania,2009,28.255875
Mauritania,2010,27.748398
Mauritania,2011,30.307165
Mauritania,2012,33.887283
Mauritania,2013,37.75723
Mauritania,2014,36.119316
Mauritania,2015,38.62219
Mauritania,2016,38.732494
Mauritania,2017,37.121532
Mauritania,2018,39.243496
Mauritania,2019,37.476486
Mauritius,2000,53.52765
Mauritius,2001,53.783478
Mauritius,2002,52.89988
Mauritius,2003,52.44577
Mauritius,2004,54.362698
Mauritius,2005,48.186077
Mauritius,2006,44.88022
Mauritius,2007,41.811783
Mauritius,2008,35.280384
Mauritius,2009,37.88377
Mauritius,2010,44.143707
Mauritius,2011,41.127674
Mauritius,2012,44.443363
Mauritius,2013,41.80387
Mauritius,2014,45.07291
Mauritius,2015,41.675575
Mauritius,2016,44.112457
Mauritius,2017,44.04976
Mauritius,2018,43.93878
Mauritius,2019,47.04216
Mexico,2000,45.217407
Mexico,2001,43.75762
Mexico,2002,42.68947
Mexico,2003,41.50919
Mexico,2004,43.45798
Mexico,2005,42.236546
Mexico,2006,42.82709
Mexico,2007,43.81832
Mexico,2008,45.91358
Mexico,2009,46.66847
Mexico,2010,50.21875
Mexico,2011,52.80388
Mexico,2012,53.08212
Mexico,2013,53.75116
Mexico,2014,52.0817
Mexico,2015,52.200966
Mexico,2016,51.279716
Mexico,2017,50.53537
Mexico,2018,49.67456
Mexico,2019,49.307724
Micronesia (country),2000,22.51299
Micronesia (country),2001,21.58382
Micronesia (country),2002,21.494793
Micronesia (country),2003,22.017565
Micronesia (country),2004,19.333261
Micronesia (country),2005,14.99797
Micronesia (country),2006,24.334448
Micronesia (country),2007,22.229696
Micronesia (country),2008,24.570883
Micronesia (country),2009,17.409607
Micronesia (country),2010,17.468475
Micronesia (country),2011,23.176865
Micronesia (country),2012,20.964249
Micronesia (country),2013,22.79587
Micronesia (country),2014,28.467762
Micronesia (country),2015,25.807741
Micronesia (country),2016,26.489853
Micronesia (country),2017,25.817707
Micronesia (country),2018,26.204952
Micronesia (country),2019,28.332796
Middle East and North Africa,2000,54.802982
Middle East and North Africa,2001,55.979607
Middle East and North Africa,2002,55.45455
Middle East and North Africa,2003,55.49214
Middle East and North Africa,2004,54.32946
Middle East and North Africa,2005,54.164173
Middle East and North Africa,2006,56.35855
Middle East and North Africa,2007,55.416763
Middle East and North Africa,2008,54.898956
Middle East and North Africa,2009,55.44769
Middle East and North Africa,2010,53.047604
Middle East and North Africa,2011,54.55757
Middle East and North Africa,2012,53.987835
Middle East and North Africa,2013,57.06213
Middle East and North Africa,2014,60.28462
Middle East and North Africa,2015,58.72272
Middle East and North Africa,2016,58.15673
Middle East and North Africa,2017,59.357773
Middle East and North Africa,2018,57.901287
Middle East and North Africa,2019,58.042793
Middle income,2000,40.744934
Middle income,2001,40.545254
Middle income,2002,40.67519
Middle income,2003,41.492386
Middle income,2004,42.30973
Middle income,2005,43.110596
Middle income,2006,44.837578
Middle income,2007,46.37387
Middle income,2008,48.465145
Middle income,2009,49.940094
Middle income,2010,49.958633
Middle income,2011,50.810257
Middle income,2012,51.569458
Middle income,2013,52.244053
Middle income,2014,53.081406
Middle income,2015,53.91457
Middle income,2016,52.768646
Middle income,2017,52.740826
Middle income,2018,52.526783
Middle income,2019,52.691082
Moldova,2000,48.95384
Moldova,2001,45.962444
Moldova,2002,47.909523
Moldova,2003,45.769424
Moldova,2004,59.172737
Moldova,2005,52.72469
Moldova,2006,49.264072
Moldova,2007,51.085014
Moldova,2008,48.214767
Moldova,2009,42.648228
Moldova,2010,45.86203
Moldova,2011,46.667183
Moldova,2012,48.52949
Moldova,2013,46.700348
Moldova,2014,49.345562
Moldova,2015,45.538784
Moldova,2016,48.792843
Moldova,2017,50.61461
Moldova,2018,56.526016
Moldova,2019,59.67766
Monaco,2000,80.03049
Monaco,2001,80.09636
Monaco,2002,80.20038
Monaco,2003,81.003044
Monaco,2004,81.120224
Monaco,2005,81.06517
Monaco,2006,80.84051
Monaco,2007,80.177574
Monaco,2008,80.55848
Monaco,2009,81.33255
Monaco,2010,81.44484
Monaco,2011,81.1558
Monaco,2012,81.301796
Monaco,2013,81.12115
Monaco,2014,81.0025
Monaco,2015,80.88186
Monaco,2016,85.52929
Monaco,2017,85.81582
Monaco,2018,85.70696
Monaco,2019,84.96423
Mongolia,2000,74.279976
Mongolia,2001,69.25334
Mongolia,2002,68.76264
Mongolia,2003,67.93166
Mongolia,2004,63.89244
Mongolia,2005,60.51927
Mongolia,2006,66.44078
Mongolia,2007,70.71641
Mongolia,2008,70.62198
Mongolia,2009,69.54905
Mongolia,2010,65.37965
Mongolia,2011,59.449417
Mongolia,2012,60.754288
Mongolia,2013,55.62017
Mongolia,2014,56.808037
Mongolia,2015,56.373142
Mongolia,2016,59.338387
Mongolia,2017,61.68831
Mongolia,2018,57.351707
Mongolia,2019,56.64912
Montenegro,2011,60.971863
Montenegro,2012,63.949524
Montenegro,2013,57.813984
Montenegro,2014,60.700478
Montenegro,2015,59.805912
Montenegro,2016,60.11718
Montenegro,2017,57.394295
Montenegro,2018,59.551228
Montenegro,2019,60.835094
Morocco,2000,24.644766
Morocco,2001,26.276535
Morocco,2002,27.617395
Morocco,2003,27.419466
Morocco,2004,27.209202
Morocco,2005,25.921747
Morocco,2006,36.873043
Morocco,2007,40.63193
Morocco,2008,40.14347
Morocco,2009,43.123714
Morocco,2010,39.904606
Morocco,2011,41.03375
Morocco,2012,42.501442
Morocco,2013,44.275578
Morocco,2014,40.82225
Morocco,2015,41.54577
Morocco,2016,42.506126
Morocco,2017,43.001713
Morocco,2018,40.191277
Morocco,2019,39.876476
Mozambique,2000,51.313274
Mozambique,2001,47.22797
Mozambique,2002,37.226467
Mozambique,2003,36.156174
Mozambique,2004,31.78746
Mozambique,2005,33.839222
Mozambique,2006,28.95491
Mozambique,2007,30.850325
Mozambique,2008,29.301867
Mozambique,2009,25.230984
Mozambique,2010,23.499416
Mozambique,2011,25.508383
Mozambique,2012,24.035854
Mozambique,2013,24.790062
Mozambique,2014,27.490541
Mozambique,2015,27.030233
Mozambique,2016,22.771423
Mozambique,2017,21.460094
Mozambique,2018,22.381315
Mozambique,2019,21.283258
Myanmar,2000,13.159117
Myanmar,2001,11.269132
Myanmar,2002,13.915637
Myanmar,2003,10.2058935
Myanmar,2004,10.88052
Myanmar,2005,7.2912216
Myanmar,2006,11.947761
Myanmar,2007,10.042843
Myanmar,2008,8.106002
Myanmar,2009,8.662101
Myanmar,2010,9.840779
Myanmar,2011,11.959022
Myanmar,2012,17.218727
Myanmar,2013,18.874178
Myanmar,2014,24.184958
Myanmar,2015,21.992407
Myanmar,2016,13.985281
Myanmar,2017,14.79479
Myanmar,2018,14.828794
Myanmar,2019,15.757532
Namibia,2000,50.32893
Namibia,2001,51.9166
Namibia,2002,53.094246
Namibia,2003,53.39935
Namibia,2004,48.883614
Namibia,2005,44.609867
Namibia,2006,41.07841
Namibia,2007,43.755226
Namibia,2008,41.65367
Namibia,2009,38.20808
Namibia,2010,40.992348
Namibia,2011,41.620495
Namibia,2012,41.768612
Namibia,2013,46.127514
Namibia,2014,46.18441
Namibia,2015,42.206635
Namibia,2016,46.895638
Namibia,2017,46.50364
Namibia,2018,46.56083
Namibia,2019,46.90029
Nauru,2000,87.88238
Nauru,2001,79.89173
Nauru,2002,71.12906
Nauru,2003,74.91121
Nauru,2004,71.08334
Nauru,2005,89.87304
Nauru,2006,87.566666
Nauru,2007,69.413086
Nauru,2008,54.77897
Nauru,2009,51.32406
Nauru,2010,59.794544
Nauru,2011,56.96172
Nauru,2012,45.50384
Nauru,2013,54.324036
Nauru,2014,73.542595
Nauru,2015,60.23104
Nauru,2016,89.811005
Nauru,2017,72.90471
Nauru,2018,82.647995
Nauru,2019,86.307
Nepal,2000,15.510355
Nepal,2001,15.324248
Nepal,2002,20.126966
Nepal,2003,17.122005
Nepal,2004,15.988024
Nepal,2005,19.064474
Nepal,2006,23.90191
Nepal,2007,18.466534
Nepal,2008,18.62999
Nepal,2009,20.414242
Nepal,2010,18.128494
Nepal,2011,17.892612
Nepal,2012,17.51914
Nepal,2013,16.344597
Nepal,2014,17.21304
Nepal,2015,16.634678
Nepal,2016,18.579563
Nepal,2017,22.564274
Nepal,2018,23.566818
Nepal,2019,24.809254
Netherlands,2000,69.04138
Netherlands,2001,69.62941
Netherlands,2002,69.97983
Netherlands,2003,70.165596
Netherlands,2004,68.59796
Netherlands,2005,68.42236
Netherlands,2006,70.13354
Netherlands,2007,69.25593
Netherlands,2008,66.597496
Netherlands,2009,66.68812
Netherlands,2010,67.26192
Netherlands,2011,67.316055
Netherlands,2012,66.78051
Netherlands,2013,67.305664
Netherlands,2014,67.648186
Netherlands,2015,66.05368
Netherlands,2016,65.48041
Netherlands,2017,64.32305
Netherlands,2018,65.77114
Netherlands,2019,65.89692
New Zealand,2000,74.48747
New Zealand,2001,73.18119
New Zealand,2002,74.93328
New Zealand,2003,75.49771
New Zealand,2004,77.036766
New Zealand,2005,76.94783
New Zealand,2006,77.2214
New Zealand,2007,79.295074
New Zealand,2008,77.628265
New Zealand,2009,77.72038
New Zealand,2010,78.27069
New Zealand,2011,78.779305
New Zealand,2012,78.511284
New Zealand,2013,77.63804
New Zealand,2014,77.43387
New Zealand,2015,74.69454
New Zealand,2016,74.55415
New Zealand,2017,75.45738
New Zealand,2018,74.828384
New Zealand,2019,75.561676
Nicaragua,2000,49.00174
Nicaragua,2001,44.837425
Nicaragua,2002,42.939796
Nicaragua,2003,42.03562
Nicaragua,2004,37.53734
Nicaragua,2005,40.292747
Nicaragua,2006,45.02326
Nicaragua,2007,45.325954
Nicaragua,2008,44.51708
Nicaragua,2009,49.61495
Nicaragua,2010,46.10339
Nicaragua,2011,47.38969
Nicaragua,2012,50.06705
Nicaragua,2013,50.64857
Nicaragua,2014,52.125187
Nicaragua,2015,56.082405
Nicaragua,2016,57.787968
Nicaragua,2017,58.262547
Nicaragua,2018,59.907604
Nicaragua,2019,60.91789
Niger,2000,24.093481
Niger,2001,24.080244
Niger,2002,24.848227
Niger,2003,22.406908
Niger,2004,23.567595
Niger,2005,33.827606
Niger,2006,35.435425
Niger,2007,27.86896
Niger,2008,29.685488
Niger,2009,28.85043
Niger,2010,26.125872
Niger,2011,26.107815
Niger,2012,24.14342
Niger,2013,30.012089
Niger,2014,28.675154
Niger,2015,20.788025
Niger,2016,24.288818
Niger,2017,33.80761
Niger,2018,33.31208
Niger,2019,35.690342
Nigeria,2000,18.314793
Nigeria,2001,26.891405
Nigeria,2002,21.333149
Nigeria,2003,18.39931
Nigeria,2004,25.941217
Nigeria,2005,25.556486
Nigeria,2006,21.18177
Nigeria,2007,19.913494
Nigeria,2008,17.874254
Nigeria,2009,15.921259
Nigeria,2010,13.604302
Nigeria,2011,14.435689
Nigeria,2012,16.20215
Nigeria,2013,14.303488
Nigeria,2014,13.317744
Nigeria,2015,16.445747
Nigeria,2016,13.020931
Nigeria,2017,14.191469
Nigeria,2018,16.098114
Nigeria,2019,15.946592
North America,2000,45.696815
North America,2001,46.541634
North America,2002,46.362545
North America,2003,46.288708
North America,2004,46.669086
North America,2005,46.84947
North America,2006,47.585846
North America,2007,47.748264
North America,2008,48.88523
North America,2009,49.794285
North America,2010,50.25746
North America,2011,50.409405
North America,2012,50.318256
North America,2013,50.87793
North America,2014,51.90273
North America,2015,52.17557
North America,2016,51.75707
North America,2017,51.638237
North America,2018,51.76729
North America,2019,51.808132
North Macedonia,2000,53.12498
North Macedonia,2001,54.381283
North Macedonia,2002,52.69415
North Macedonia,2003,54.99277
North Macedonia,2004,55.753292
North Macedonia,2005,56.98303
North Macedonia,2006,57.090847
North Macedonia,2007,61.487286
North Macedonia,2008,64.58732
North Macedonia,2009,62.679176
North Macedonia,2010,60.57293
North Macedonia,2011,62.23397
North Macedonia,2012,62.51174
North Macedonia,2013,65.647606
North Macedonia,2014,63.89249
North Macedonia,2015,64.94881
North Macedonia,2016,63.654335
North Macedonia,2017,56.97239
North Macedonia,2018,57.321857
North Macedonia,2019,58.967686
Norway,2000,81.682495
Norway,2001,82.80009
Norway,2002,82.88494
Norway,2003,83.166794
Norway,2004,83.017235
Norway,2005,83.051155
Norway,2006,83.341606
Norway,2007,83.701096
Norway,2008,84.13493
Norway,2009,84.436035
Norway,2010,84.68054
Norway,2011,84.42308
Norway,2012,84.75523
Norway,2013,85.02294
Norway,2014,85.28893
Norway,2015,85.5146
Norway,2016,85.37945
Norway,2017,85.12067
Norway,2018,85.7035
Norway,2019,85.82006
Oman,2000,81.75173
Oman,2001,82.02849
Oman,2002,83.469986
Oman,2003,82.873
Oman,2004,81.91401
Oman,2005,82.343895
Oman,2006,80.68895
Oman,2007,81.140114
Oman,2008,78.83359
Oman,2009,81.297035
Oman,2010,82.71356
Oman,2011,81.82298
Oman,2012,82.4312
Oman,2013,87.24065
Oman,2014,89.76597
Oman,2015,89.41586
Oman,2016,88.8942
Oman,2017,87.21469
Oman,2018,87.65876
Oman,2019,86.444435
Pakistan,2000,35.12149
Pakistan,2001,35.365334
Pakistan,2002,37.89253
Pakistan,2003,25.024727
Pakistan,2004,27.890259
Pakistan,2005,21.809528
Pakistan,2006,16.273666
Pakistan,2007,21.33459
Pakistan,2008,19.209852
Pakistan,2009,21.757236
Pakistan,2010,22.016268
Pakistan,2011,26.08549
Pakistan,2012,28.74643
Pakistan,2013,26.996624
Pakistan,2014,25.65797
Pakistan,2015,27.539549
Pakistan,2016,29.84164
Pakistan,2017,31.585064
Pakistan,2018,35.725925
Pakistan,2019,31.984806
Palau,2000,53.127853
Palau,2001,50.807594
Palau,2002,44.66648
Palau,2003,44.059677
Palau,2004,41.823708
Palau,2005,37.380314
Palau,2006,38.015842
Palau,2007,34.679615
Palau,2008,32.339542
Palau,2009,38.77246
Palau,2010,35.35936
Palau,2011,37.450546
Palau,2012,37.097652
Palau,2013,38.462578
Palau,2014,36.533894
Palau,2015,34.445507
Palau,2016,52.277138
Palau,2017,50.622143
Palau,2018,58.81295
Palau,2019,44.988705
Panama,2000,67.59046
Panama,2001,66.54935
Panama,2002,65.834435
Panama,2003,65.16718
Panama,2004,66.43269
Panama,2005,62.636787
Panama,2006,65.27212
Panama,2007,67.69884
Panama,2008,67.931816
Panama,2009,67.830795
Panama,2010,66.96723
Panama,2011,65.44066
Panama,2012,60.65255
Panama,2013,62.44594
Panama,2014,62.36107
Panama,2015,63.17606
Panama,2016,65.58965
Panama,2017,64.027214
Panama,2018,64.48623
Panama,2019,66.113625
Papua New Guinea,2000,84.29893
Papua New Guinea,2001,72.48248
Papua New Guinea,2002,63.569607
Papua New Guinea,2003,58.09657
Papua New Guinea,2004,65.54499
Papua New Guinea,2005,65.86605
Papua New Guinea,2006,67.14328
Papua New Guinea,2007,67.509
Papua New Guinea,2008,70.90849
Papua New Guinea,2009,66.83552
Papua New Guinea,2010,61.69795
Papua New Guinea,2011,65.26033
Papua New Guinea,2012,68.326164
Papua New Guinea,2013,66.212036
Papua New Guinea,2014,61.77156
Papua New Guinea,2015,75.75407
Papua New Guinea,2016,71.996086
Papua New Guinea,2017,75.412544
Papua New Guinea,2018,70.04398
Papua New Guinea,2019,57.68652
Paraguay,2000,38.628105
Paraguay,2001,34.729156
Paraguay,2002,30.839571
Paraguay,2003,33.21828
Paraguay,2004,32.394444
Paraguay,2005,32.836464
Paraguay,2006,35.108845
Paraguay,2007,34.573822
Paraguay,2008,32.168118
Paraguay,2009,38.403267
Paraguay,2010,38.989716
Paraguay,2011,42.275837
Paraguay,2012,46.43541
Paraguay,2013,43.744118
Paraguay,2014,47.707855
Paraguay,2015,47.171837
Paraguay,2016,47.156754
Paraguay,2017,45.796886
Paraguay,2018,44.919224
Paraguay,2019,45.999176
Peru,2000,53.023113
Peru,2001,52.436836
Peru,2002,51.077183
Peru,2003,50.920616
Peru,2004,52.00365
Peru,2005,54.989876
Peru,2006,50.256992
Peru,2007,48.671543
Peru,2008,48.091854
Peru,2009,50.36264
Peru,2010,51.899742
Peru,2011,50.970257
Peru,2012,52.49151
Peru,2013,55.84548
Peru,2014,59.547592
Peru,2015,60.879368
Peru,2016,61.659275
Peru,2017,62.1695
Peru,2018,61.497902
Peru,2019,62.89108
Philippines,2000,44.3983
Philippines,2001,40.601624
Philippines,2002,37.042423
Philippines,2003,36.21556
Philippines,2004,35.72317
Philippines,2005,33.098927
Philippines,2006,32.091324
Philippines,2007,31.31671
Philippines,2008,30.138138
Philippines,2009,30.649588
Philippines,2010,31.902424
Philippines,2011,26.38144
Philippines,2012,26.286852
Philippines,2013,26.21488
Philippines,2014,34.11355
Philippines,2015,37.673225
Philippines,2016,37.26403
Philippines,2017,37.438347
Philippines,2018,38.856808
Philippines,2019,40.597733
Poland,2000,68.21467
Poland,2001,70.34227
Poland,2002,69.95567
Poland,2003,68.57602
Poland,2004,67.461426
Poland,2005,68.52231
Poland,2006,68.97802
Poland,2007,69.68615
Poland,2008,71.20513
Poland,2009,71.745316
Poland,2010,71.35004
Poland,2011,71.02577
Poland,2012,69.82839
Poland,2013,70.29511
Poland,2014,69.93572
Poland,2015,69.33326
Poland,2016,68.80954
Poland,2017,68.822845
Poland,2018,71.08643
Poland,2019,71.38499
Portugal,2000,69.73744
Portugal,2001,70.17099
Portugal,2002,71.99154
Portugal,2003,70.604614
Portugal,2004,70.56314
Portugal,2005,70.90158
Portugal,2006,63.439728
Portugal,2007,62.710114
Portugal,2008,62.501453
Portugal,2009,63.80487
Portugal,2010,66.51553
Portugal,2011,64.505646
Portugal,2012,61.279858
Portugal,2013,62.289047
Portugal,2014,61.740326
Portugal,2015,61.669357
Portugal,2016,61.574596
Portugal,2017,61.13795
Portugal,2018,61.158688
Portugal,2019,60.9069
Qatar,2000,59.5154
Qatar,2001,63.045494
Qatar,2002,62.91418
Qatar,2003,75.02135
Qatar,2004,74.98792
Qatar,2005,74.91227
Qatar,2006,74.83646
Qatar,2007,74.7605
Qatar,2008,74.68439
Qatar,2009,71.014114
Qatar,2010,70.9903
Qatar,2011,73.54416
Qatar,2012,79.14242
Qatar,2013,84.170296
Qatar,2014,86.743645
Qatar,2015,83.568436
Qatar,2016,80.3866
Qatar,2017,75.71453
Qatar,2018,71.59081
Qatar,2019,72.762436
Romania,2000,79.25977
Romania,2001,79.75135
Romania,2002,80.39749
Romania,2003,83.06891
Romania,2004,73.80942
Romania,2005,79.77541
Romania,2006,79.29034
Romania,2007,81.4511
Romania,2008,81.09467
Romania,2009,78.66156
Romania,2010,79.891136
Romania,2011,74.97605
Romania,2012,76.86503
Romania,2013,78.95141
Romania,2014,78.88207
Romania,2015,77.94291
Romania,2016,78.18263
Romania,2017,78.586395
Romania,2018,79.690704
Romania,2019,80.138626
Russia,2000,59.35673
Russia,2001,58.041233
Russia,2002,58.29952
Russia,2003,58.09911
Russia,2004,58.767086
Russia,2005,61.14412
Russia,2006,61.72978
Russia,2007,62.05423
Russia,2008,62.62738
Russia,2009,62.066864
Russia,2010,61.37907
Russia,2011,62.650593
Russia,2012,63.707466
Russia,2013,62.380642
Russia,2014,61.786545
Russia,2015,58.718525
Russia,2016,56.950043
Russia,2017,57.08875
Russia,2018,59.45658
Russia,2019,61.151917
Rwanda,2000,18.07325
Rwanda,2001,21.050785
Rwanda,2002,24.231613
Rwanda,2003,33.249336
Rwanda,2004,25.68225
Rwanda,2005,20.90828
Rwanda,2006,19.4868
Rwanda,2007,22.221277
Rwanda,2008,23.987192
Rwanda,2009,24.109785
Rwanda,2010,25.22313
Rwanda,2011,27.692621
Rwanda,2012,25.35917
Rwanda,2013,32.069294
Rwanda,2014,31.3999
Rwanda,2015,31.644154
Rwanda,2016,32.09074
Rwanda,2017,34.88037
Rwanda,2018,35.098286
Rwanda,2019,39.946545
Saint Kitts and Nevis,2000,41.922005
Saint Kitts and Nevis,2001,43.65345
Saint Kitts and Nevis,2002,43.34912
Saint Kitts and Nevis,2003,44.121517
Saint Kitts and Nevis,2004,48.118137
Saint Kitts and Nevis,2005,46.98353
Saint Kitts and Nevis,2006,44.77465
Saint Kitts and Nevis,2007,43.42342
Saint Kitts and Nevis,2008,33.888924
Saint Kitts and Nevis,2009,37.321945
Saint Kitts and Nevis,2010,37.588703
Saint Kitts and Nevis,2011,36.994667
Saint Kitts and Nevis,2012,39.169426
Saint Kitts and Nevis,2013,38.048084
Saint Kitts and Nevis,2014,40.918293
Saint Kitts and Nevis,2015,37.834316
Saint Kitts and Nevis,2016,40.138454
Saint Kitts and Nevis,2017,41.57165
Saint Kitts and Nevis,2018,45.957443
Saint Kitts and Nevis,2019,49.255493
Saint Lucia,2000,34.411873
Saint Lucia,2001,34.903606
Saint Lucia,2002,33.954266
Saint Lucia,2003,31.34616
Saint Lucia,2004,32.919666
Saint Lucia,2005,32.983047
Saint Lucia,2006,30.429966
Saint Lucia,2007,28.11272
Saint Lucia,2008,31.534666
Saint Lucia,2009,34.642075
Saint Lucia,2010,35.937088
Saint Lucia,2011,35.146915
Saint Lucia,2012,40.584507
Saint Lucia,2013,40.230972
Saint Lucia,2014,40.12716
Saint Lucia,2015,43.47488
Saint Lucia,2016,39.96068
Saint Lucia,2017,43.731915
Saint Lucia,2018,44.73597
Saint Lucia,2019,47.446014
Saint Vincent and the Grenadines,2000,69.887
Saint Vincent and the Grenadines,2001,68.41692
Saint Vincent and the Grenadines,2002,68.58497
Saint Vincent and the Grenadines,2003,66.40291
Saint Vincent and the Grenadines,2004,63.847645
Saint Vincent and the Grenadines,2005,62.75797
Saint Vincent and the Grenadines,2006,59.483192
Saint Vincent and the Grenadines,2007,55.86815
Saint Vincent and the Grenadines,2008,59.46896
Saint Vincent and the Grenadines,2009,61.08786
Saint Vincent and the Grenadines,2010,59.227108
Saint Vincent and the Grenadines,2011,56.644363
Saint Vincent and the Grenadines,2012,62.021767
Saint Vincent and the Grenadines,2013,62.09968
Saint Vincent and the Grenadines,2014,61.609715
Saint Vincent and the Grenadines,2015,64.38109
Saint Vincent and the Grenadines,2016,65.29397
Saint Vincent and the Grenadines,2017,66.16802
Saint Vincent and the Grenadines,2018,67.65619
Saint Vincent and the Grenadines,2019,66.31141
Samoa,2000,83.56368
Samoa,2001,81.3084
Samoa,2002,75.576904
Samoa,2003,67.41234
Samoa,2004,66.65419
Samoa,2005,68.48485
Samoa,2006,70.36764
Samoa,2007,69.005104
Samoa,2008,76.388535
Samoa,2009,77.69191
Samoa,2010,75.41437
Samoa,2011,68.1189
Samoa,2012,78.451546
Samoa,2013,64.78444
Samoa,2014,70.580444
Samoa,2015,79.11031
Samoa,2016,76.620766
Samoa,2017,74.926254
Samoa,2018,72.20962
Samoa,2019,72.64157
San Marino,2000,73.767136
San Marino,2001,74.91337
San Marino,2002,74.10824
San Marino,2003,75.54963
San Marino,2004,76.30322
San Marino,2005,77.40617
San Marino,2006,78.19575
San Marino,2007,79.22313
San Marino,2008,79.583565
San Marino,2009,80.10074
San Marino,2010,80.98676
San Marino,2011,81.96224
San Marino,2012,82.55517
San Marino,2013,81.58486
San Marino,2014,81.52542
San Marino,2015,81.716354
San Marino,2016,81.41887
San Marino,2017,83.23867
San Marino,2018,82.98046
San Marino,2019,82.22088
Sao Tome and Principe,2000,32.73758
Sao Tome and Principe,2001,33.54989
Sao Tome and Principe,2002,35.16871
Sao Tome and Principe,2003,47.92747
Sao Tome and Principe,2004,43.703228
Sao Tome and Principe,2005,43.683495
Sao Tome and Principe,2006,6.6274605
Sao Tome and Principe,2007,20.371376
Sao Tome and Principe,2008,17.196087
Sao Tome and Principe,2009,23.621683
Sao Tome and Principe,2010,29.911497
Sao Tome and Principe,2011,33.290733
Sao Tome and Principe,2012,32.578835
Sao Tome and Principe,2013,33.541687
Sao Tome and Principe,2014,35.137077
Sao Tome and Principe,2015,31.622637
Sao Tome and Principe,2016,40.313885
Sao Tome and Principe,2017,46.027233
Sao Tome and Principe,2018,47.929527
Sao Tome and Principe,2019,47.297657
Saudi Arabia,2000,72.05239
Saudi Arabia,2001,72.54049
Saudi Arabia,2002,72.31416
Saudi Arabia,2003,72.37438
Saudi Arabia,2004,71.47951
Saudi Arabia,2005,72.49501
Saudi Arabia,2006,72.982285
Saudi Arabia,2007,70.38718
Saudi Arabia,2008,63.594765
Saudi Arabia,2009,64.9874
Saudi Arabia,2010,61.932575
Saudi Arabia,2011,67.06874
Saudi Arabia,2012,68.28318
Saudi Arabia,2013,69.59436
Saudi Arabia,2014,71.36855
Saudi Arabia,2015,68.47388
Saudi Arabia,2016,66.71138
Saudi Arabia,2017,71.84702
Saudi Arabia,2018,70.2985
Saudi Arabia,2019,69.17457
Senegal,2000,35.39126
Senegal,2001,38.480698
Senegal,2002,33.91144
Senegal,2003,35.947845
Senegal,2004,35.61474
Senegal,2005,43.408264
Senegal,2006,46.752
Senegal,2007,38.618454
Senegal,2008,39.55497
Senegal,2009,36.614674
Senegal,2010,28.841785
Senegal,2011,31.053097
Senegal,2012,28.574434
Senegal,2013,26.694876
Senegal,2014,24.568302
Senegal,2015,24.602144
Senegal,2016,25.066263
Senegal,2017,23.92989
Senegal,2018,22.657837
Senegal,2019,25.033638
Serbia,2000,65.4339
Serbia,2001,66.819534
Serbia,2002,72.170784
Serbia,2003,69.85957
Serbia,2004,67.85735
Serbia,2005,65.45954
Serbia,2006,62.49608
Serbia,2007,61.01905
Serbia,2008,61.87797
Serbia,2009,61.650078
Serbia,2010,61.00417
Serbia,2011,61.121117
Serbia,2012,62.1166
Serbia,2013,59.860004
Serbia,2014,58.257645
Serbia,2015,57.684803
Serbia,2016,57.578445
Serbia,2017,57.478775
Serbia,2018,59.368057
Serbia,2019,58.351643
Seychelles,2000,82.11168
Seychelles,2001,69.651184
Seychelles,2002,79.747795
Seychelles,2003,77.35836
Seychelles,2004,73.36195
Seychelles,2005,72.71554
Seychelles,2006,73.58702
Seychelles,2007,74.388054
Seychelles,2008,60.335274
Seychelles,2009,61.43466
Seychelles,2010,64.31896
Seychelles,2011,62.777542
Seychelles,2012,70.12993
Seychelles,2013,71.08353
Seychelles,2014,69.41893
Seychelles,2015,70.71115
Seychelles,2016,69.14846
Seychelles,2017,73.04444
Seychelles,2018,73.831474
Seychelles,2019,72.73367
Sierra Leone,2000,18.03897
Sierra Leone,2001,22.887463
Sierra Leone,2002,24.559425
Sierra Leone,2003,20.317818
Sierra Leone,2004,19.133364
Sierra Leone,2005,15.592538
Sierra Leone,2006,10.431287
Sierra Leone,2007,10.700825
Sierra Leone,2008,6.4095216
Sierra Leone,2009,8.407387
Sierra Leone,2010,11.626022
Sierra Leone,2011,6.6938424
Sierra Leone,2012,8.9897995
Sierra Leone,2013,6.9695344
Sierra Leone,2014,6.7796865
Sierra Leone,2015,8.037316
Sierra Leone,2016,11.172667
Sierra Leone,2017,9.053018
Sierra Leone,2018,9.272506
Sierra Leone,2019,14.004045
Singapore,2000,36.3329
Singapore,2001,27.88505
Singapore,2002,31.328049
Singapore,2003,37.074734
Singapore,2004,32.46379
Singapore,2005,32.986206
Singapore,2006,33.92041
Singapore,2007,33.491455
Singapore,2008,37.306267
Singapore,2009,34.880093
Singapore,2010,35.87981
Singapore,2011,37.117603
Singapore,2012,39.300945
Singapore,2013,41.701702
Singapore,2014,45.037304
Singapore,2015,47.077335
Singapore,2016,47.34394
Singapore,2017,48.26661
Singapore,2018,50.007576
Singapore,2019,50.201996
Slovakia,2000,87.48221
Slovakia,2001,88.13977
Slovakia,2002,87.942116
Slovakia,2003,86.99961
Slovakia,2004,78.71554
Slovakia,2005,75.1374
Slovakia,2006,69.67164
Slovakia,2007,68.71969
Slovakia,2008,74.72305
Slovakia,2009,71.63836
Slovakia,2010,70.99603
Slovakia,2011,72.10747
Slovakia,2012,71.124275
Slovakia,2013,73.31342
Slovakia,2014,79.33296
Slovakia,2015,78.740364
Slovakia,2016,79.96425
Slovakia,2017,79.0446
Slovakia,2018,79.214325
Slovakia,2019,78.81664
Slovenia,2000,71.39096
Slovenia,2001,70.56113
Slovenia,2002,72.42924
Slovenia,2003,71.9682
Slovenia,2004,71.98925
Slovenia,2005,72.22162
Slovenia,2006,71.74246
Slovenia,2007,70.23894
Slovenia,2008,72.160706
Slovenia,2009,72.01542
Slovenia,2010,72.36493
Slovenia,2011,72.26574
Slovenia,2012,70.85123
Slovenia,2013,70.303665
Slovenia,2014,70.52433
Slovenia,2015,71.35445
Slovenia,2016,72.28774
Slovenia,2017,71.79819
Slovenia,2018,72.40888
Slovenia,2019,72.37038
Solomon Islands,2000,92.08268
Solomon Islands,2001,91.21606
Solomon Islands,2002,56.780422
Solomon Islands,2003,74.03454
Solomon Islands,2004,63.300396
Solomon Islands,2005,70.994225
Solomon Islands,2006,65.5938
Solomon Islands,2007,69.11854
Solomon Islands,2008,55.2424
Solomon Islands,2009,42.5888
Solomon Islands,2010,36.532146
Solomon Islands,2011,49.045765
Solomon Islands,2012,61.99543
Solomon Islands,2013,57.990105
Solomon Islands,2014,58.591717
Solomon Islands,2015,69.13029
Solomon Islands,2016,70.182106
Solomon Islands,2017,73.73745
Solomon Islands,2018,77.893555
Solomon Islands,2019,74.738235
South Africa,2000,36.594543
South Africa,2001,33.733162
South Africa,2002,34.52814
South Africa,2003,39.636044
South Africa,2004,39.368675
South Africa,2005,40.00242
South Africa,2006,46.973213
South Africa,2007,47.79261
South Africa,2008,47.35288
South Africa,2009,49.739124
South Africa,2010,51.328514
South Africa,2011,51.867188
South Africa,2012,51.72668
South Africa,2013,51.153748
South Africa,2014,55.56298
South Africa,2015,57.078224
South Africa,2016,56.60218
South Africa,2017,57.117153
South Africa,2018,57.296608
South Africa,2019,58.76001
South Asia,2000,23.543537
South Asia,2001,21.373955
South Asia,2002,21.038734
South Asia,2003,20.380938
South Asia,2004,19.8524
South Asia,2005,21.116354
South Asia,2006,20.95693
South Asia,2007,21.634953
South Asia,2008,22.827635
South Asia,2009,25.314463
South Asia,2010,25.775871
South Asia,2011,28.235342
South Asia,2012,27.598585
South Asia,2013,23.582003
South Asia,2014,23.907433
South Asia,2015,25.607876
South Asia,2016,26.69692
South Asia,2017,31.492952
South Asia,2018,29.710556
South Asia,2019,31.777645
South Korea,2000,50.327538
South Korea,2001,55.935703
South Korea,2002,56.506454
South Korea,2003,56.013565
South Korea,2004,56.719513
South Korea,2005,57.049324
South Korea,2006,59.00264
South Korea,2007,58.944023
South Korea,2008,57.242805
South Korea,2009,59.178448
South Korea,2010,59.34798
South Korea,2011,58.564438
South Korea,2012,57.666386
South Korea,2013,57.83753
South Korea,2014,57.324673
South Korea,2015,57.355564
South Korea,2016,57.52185
South Korea,2017,57.91357
South Korea,2018,58.456795
South Korea,2019,59.528496
South Sudan,2017,8.441995
South Sudan,2018,10.91523
South Sudan,2019,16.302425
Spain,2000,71.63856
Spain,2001,71.31189
Spain,2002,71.322945
Spain,2003,71.10637
Spain,2004,71.35221
Spain,2005,71.55554
Spain,2006,72.09996
Spain,2007,72.301994
Spain,2008,73.28283
Spain,2009,75.070694
Spain,2010,74.44393
Spain,2011,73.48575
Spain,2012,72.11063
Spain,2013,71.00799
Spain,2014,70.2635
Spain,2015,71.31516
Spain,2016,71.55434
Spain,2017,70.5319
Spain,2018,70.27409
Spain,2019,70.61953
Sri Lanka,2000,53.62961
Sri Lanka,2001,52.567146
Sri Lanka,2002,53.45138
Sri Lanka,2003,55.08138
Sri Lanka,2004,52.703403
Sri Lanka,2005,52.63922
Sri Lanka,2006,50.963783
Sri Lanka,2007,48.49552
Sri Lanka,2008,43.219227
Sri Lanka,2009,40.600784
Sri Lanka,2010,40.436836
Sri Lanka,2011,42.542725
Sri Lanka,2012,42.223995
Sri Lanka,2013,45.417587
Sri Lanka,2014,44.7292
Sri Lanka,2015,43.958294
Sri Lanka,2016,43.12142
Sri Lanka,2017,41.005203
Sri Lanka,2018,45.691593
Sri Lanka,2019,47.222095
Sub-Saharan Africa,2000,31.337181
Sub-Saharan Africa,2001,31.849812
Sub-Saharan Africa,2002,31.001667
Sub-Saharan Africa,2003,32.785175
Sub-Saharan Africa,2004,34.00693
Sub-Saharan Africa,2005,34.24879
Sub-Saharan Africa,2006,35.589977
Sub-Saharan Africa,2007,35.786316
Sub-Saharan Africa,2008,34.583736
Sub-Saharan Africa,2009,36.335484
Sub-Saharan Africa,2010,37.004528
Sub-Saharan Africa,2011,37.239967
Sub-Saharan Africa,2012,37.19842
Sub-Saharan Africa,2013,34.96659
Sub-Saharan Africa,2014,35.55865
Sub-Saharan Africa,2015,36.58573
Sub-Saharan Africa,2016,35.814064
Sub-Saharan Africa,2017,36.922123
Sub-Saharan Africa,2018,39.261917
Sub-Saharan Africa,2019,39.515728
Sudan,2000,33.825943
Sudan,2001,33.333336
Sudan,2002,34.20051
Sudan,2003,32.460464
Sudan,2004,37.850143
Sudan,2005,39.07096
Sudan,2006,36.380676
Sudan,2007,36.19216
Sudan,2008,31.936317
Sudan,2009,41.11616
Sudan,2010,32.547115
Sudan,2011,22.843029
Sudan,2012,26.253504
Sudan,2013,16.539429
Sudan,2014,25.272837
Sudan,2015,31.141304
Sudan,2016,23.521914
Sudan,2017,18.007936
Sudan,2018,21.988472
Sudan,2019,22.687473
Suriname,2000,48.38562
Suriname,2001,48.610035
Suriname,2002,46.13042
Suriname,2003,43.72707
Suriname,2004,44.504757
Suriname,2005,45.054264
Suriname,2006,46.400967
Suriname,2007,49.49171
Suriname,2008,44.192505
Suriname,2009,45.956787
Suriname,2010,42.374138
Suriname,2011,40.630196
Suriname,2012,40.99839
Suriname,2013,42.10775
Suriname,2014,41.501
Suriname,2015,54.479645
Suriname,2016,61.90745
Suriname,2017,58.22666
Suriname,2018,66.64751
Suriname,2019,72.015884
Sweden,2000,84.47544
Sweden,2001,82.152954
Sweden,2002,82.572136
Sweden,2003,83.13002
Sweden,2004,82.6911
Sweden,2005,82.29276
Sweden,2006,82.356735
Sweden,2007,82.51586
Sweden,2008,82.50145
Sweden,2009,82.513916
Sweden,2010,82.48825
Sweden,2011,84.48171
Sweden,2012,84.21655
Sweden,2013,84.02002
Sweden,2014,84.02826
Sweden,2015,83.96099
Sweden,2016,84.26233
Sweden,2017,84.70673
Sweden,2018,84.784615
Sweden,2019,84.88466
Switzerland,2000,28.566113
Switzerland,2001,29.965677
Switzerland,2002,31.363014
Switzerland,2003,31.40574
Switzerland,2004,30.885319
Switzerland,2005,31.048008
Switzerland,2006,30.608952
Switzerland,2007,30.71067
Switzerland,2008,31.60578
Switzerland,2009,32.148872
Switzerland,2010,32.36251
Switzerland,2011,32.940567
Switzerland,2012,33.742508
Switzerland,2013,32.78795
Switzerland,2014,32.09706
Switzerland,2015,31.816832
Switzerland,2016,30.99546
Switzerland,2017,31.556067
Switzerland,2018,31.22077
Switzerland,2019,32.109486
Syria,2000,35.53108
Syria,2001,41.413586
Syria,2002,45.397816
Syria,2003,47.926662
Syria,2004,47.691803
Syria,2005,50.34679
Syria,2006,46.96703
Syria,2007,47.33363
Syria,2008,46.14907
Syria,2009,44.86793
Syria,2010,44.793667
Syria,2011,45.198524
Syria,2012,45.286636
Tajikistan,2000,20.75227
Tajikistan,2001,19.130434
Tajikistan,2002,18.19407
Tajikistan,2003,16.361198
Tajikistan,2004,18.646362
Tajikistan,2005,18.976545
Tajikistan,2006,18.602657
Tajikistan,2007,19.446405
Tajikistan,2008,23.167805
Tajikistan,2009,18.516066
Tajikistan,2010,20.58014
Tajikistan,2011,22.275824
Tajikistan,2012,26.882713
Tajikistan,2013,29.091114
Tajikistan,2014,31.169813
Tajikistan,2015,29.60548
Tajikistan,2016,28.574425
Tajikistan,2017,29.003918
Tajikistan,2018,27.045557
Tajikistan,2019,27.315287
Tanzania,2000,21.83892
Tanzania,2001,25.713106
Tanzania,2002,28.409311
Tanzania,2003,27.920204
Tanzania,2004,34.27979
Tanzania,2005,36.5528
Tanzania,2006,31.32273
Tanzania,2007,28.195494
Tanzania,2008,40.63019
Tanzania,2009,29.327034
Tanzania,2010,27.75649
Tanzania,2011,25.451347
Tanzania,2012,23.431282
Tanzania,2013,25.5071
Tanzania,2014,29.874912
Tanzania,2015,34.448345
Tanzania,2016,40.624092
Tanzania,2017,38.65078
Tanzania,2018,37.639458
Tanzania,2019,40.88365
Thailand,2000,55.188347
Thailand,2001,55.014725
Thailand,2002,62.265102
Thailand,2003,63.073963
Thailand,2004,64.115974
Thailand,2005,63.710094
Thailand,2006,71.95246
Thailand,2007,75.609985
Thailand,2008,75.36881
Thailand,2009,73.12874
Thailand,2010,73.7725
Thailand,2011,76.42584
Thailand,2012,76.079636
Thailand,2013,75.95277
Thailand,2014,75.68395
Thailand,2015,74.93961
Thailand,2016,75.95375
Thailand,2017,71.96783
Thailand,2018,70.4696
Thailand,2019,71.659
Timor,2003,45.85962
Timor,2004,39.22528
Timor,2005,40.225555
Timor,2006,39.929413
Timor,2007,17.11162
Timor,2008,48.786953
Timor,2009,44.404324
Timor,2010,50.818287
Timor,2011,51.974243
Timor,2012,59.315693
Timor,2013,52.102036
Timor,2014,54.270386
Timor,2015,57.43532
Timor,2016,49.641098
Timor,2017,65.98954
Timor,2018,59.466766
Timor,2019,55.909477
Togo,2000,10.413389
Togo,2001,11.264609
Togo,2002,11.75549
Togo,2003,12.825167
Togo,2004,14.393452
Togo,2005,15.250185
Togo,2006,16.379934
Togo,2007,16.107492
Togo,2008,15.958156
Togo,2009,17.3442
Togo,2010,25.872602
Togo,2011,23.522995
Togo,2012,25.140038
Togo,2013,20.069996
Togo,2014,20.372099
Togo,2015,19.02897
Togo,2016,18.341898
Togo,2017,16.14229
Togo,2018,16.74622
Togo,2019,15.077074
Tonga,2000,76.16756
Tonga,2001,69.05326
Tonga,2002,69.75286
Tonga,2003,68.003395
Tonga,2004,52.99584
Tonga,2005,57.838474
Tonga,2006,50.978035
Tonga,2007,65.31325
Tonga,2008,46.583126
Tonga,2009,74.28345
Tonga,2010,57.362537
Tonga,2011,68.53177
Tonga,2012,50.35998
Tonga,2013,65.70553
Tonga,2014,54.59587
Tonga,2015,59.034584
Tonga,2016,59.225964
Tonga,2017,57.019276
Tonga,2018,63.354378
Tonga,2019,58.056396
Trinidad and Tobago,2000,37.001755
Trinidad and Tobago,2001,43.192493
Trinidad and Tobago,2002,41.62578
Trinidad and Tobago,2003,45.475666
Trinidad and Tobago,2004,43.118484
Trinidad and Tobago,2005,48.399887
Trinidad and Tobago,2006,44.870605
Trinidad and Tobago,2007,46.181503
Trinidad and Tobago,2008,47.786213
Trinidad and Tobago,2009,47.598682
Trinidad and Tobago,2010,48.160027
Trinidad and Tobago,2011,49.87123
Trinidad and Tobago,2012,48.80483
Trinidad and Tobago,2013,51.512688
Trinidad and Tobago,2014,50.27154
Trinidad and Tobago,2015,51.476433
Trinidad and Tobago,2016,50.116993
Trinidad and Tobago,2017,52.29129
Trinidad and Tobago,2018,48.435993
Trinidad and Tobago,2019,45.97866
Tunisia,2000,52.669228
Tunisia,2001,52.185196
Tunisia,2002,51.764713
Tunisia,2003,51.411026
Tunisia,2004,51.12685
Tunisia,2005,50.820934
Tunisia,2006,52.262264
Tunisia,2007,53.381718
Tunisia,2008,54.275303
Tunisia,2009,55.033867
Tunisia,2010,55.75389
Tunisia,2011,56.41347
Tunisia,2012,56.964558
Tunisia,2013,59.091206
Tunisia,2014,58.13361
Tunisia,2015,53.994446
Tunisia,2016,54.680973
Tunisia,2017,56.054
Tunisia,2018,56.197243
Tunisia,2019,57.142323
Turkey,2000,61.675964
Turkey,2001,67.251366
Turkey,2002,69.974365
Turkey,2003,71.20713
Turkey,2004,71.704636
Turkey,2005,67.74804
Turkey,2006,68.8515
Turkey,2007,68.783745
Turkey,2008,72.69305
Turkey,2009,80.498795
Turkey,2010,77.99839
Turkey,2011,79.12836
Turkey,2012,79.17141
Turkey,2013,78.34962
Turkey,2014,77.605125
Turkey,2015,78.13336
Turkey,2016,78.44212
Turkey,2017,77.71027
Turkey,2018,77.38227
Turkey,2019,77.918564
Turkmenistan,2000,46.645306
Turkmenistan,2001,34.580956
Turkmenistan,2002,34.6267
Turkmenistan,2003,31.81946
Turkmenistan,2004,22.892246
Turkmenistan,2005,21.145592
Turkmenistan,2006,18.364578
Turkmenistan,2007,26.230017
Turkmenistan,2008,16.025179
Turkmenistan,2009,24.251654
Turkmenistan,2010,24.051067
Turkmenistan,2011,25.97605
Turkmenistan,2012,26.727434
Turkmenistan,2013,28.536072
Turkmenistan,2014,26.96157
Turkmenistan,2015,23.947733
Turkmenistan,2016,18.578205
Turkmenistan,2017,22.323988
Turkmenistan,2018,18.114824
Turkmenistan,2019,17.99194
Tuvalu,2000,99.461624
Tuvalu,2001,92.020706
Tuvalu,2002,88.45393
Tuvalu,2003,86.47272
Tuvalu,2004,89.57795
Tuvalu,2005,91.34782
Tuvalu,2006,80.97869
Tuvalu,2007,89.89174
Tuvalu,2008,92.26631
Tuvalu,2009,83.97973
Tuvalu,2010,85.012505
Tuvalu,2011,85.64492
Tuvalu,2012,87.89098
Tuvalu,2013,74.82494
Tuvalu,2014,83.752396
Tuvalu,2015,78.86576
Tuvalu,2016,77.35724
Tuvalu,2017,70.243004
Tuvalu,2018,81.83967
Tuvalu,2019,74.27811
Uganda,2000,24.784304
Uganda,2001,26.539347
Uganda,2002,30.530554
Uganda,2003,33.966774
Uganda,2004,28.9431
Uganda,2005,17.191507
Uganda,2006,14.612539
Uganda,2007,14.927609
Uganda,2008,16.361992
Uganda,2009,14.0069065
Uganda,2010,15.622449
Uganda,2011,13.569978
Uganda,2012,15.140287
Uganda,2013,16.849413
Uganda,2014,17.816284
Uganda,2015,15.153553
Uganda,2016,15.678623
Uganda,2017,15.972364
Uganda,2018,16.774668
Uganda,2019,15.116748
Ukraine,2000,47.32232
Ukraine,2001,48.906784
Ukraine,2002,51.247883
Ukraine,2003,55.74952
Ukraine,2004,55.196106
Ukraine,2005,58.71865
Ukraine,2006,60.424675
Ukraine,2007,59.196865
Ukraine,2008,58.066338
Ukraine,2009,58.235817
Ukraine,2010,54.115784
Ukraine,2011,50.229244
Ukraine,2012,52.559185
Ukraine,2013,48.101906
Ukraine,2014,47.995808
Ukraine,2015,47.33812
Ukraine,2016,48.22835
Ukraine,2017,47.202084
Ukraine,2018,46.421467
Ukraine,2019,44.79044
United Arab Emirates,2000,68.83046
United Arab Emirates,2001,77.0104
United Arab Emirates,2002,61.228855
United Arab Emirates,2003,61.27508
United Arab Emirates,2004,57.10731
United Arab Emirates,2005,56.841064
United Arab Emirates,2006,57.304214
United Arab Emirates,2007,58.673702
United Arab Emirates,2008,63.91039
United Arab Emirates,2009,73.68283
United Arab Emirates,2010,70.85416
United Arab Emirates,2011,72.420975
United Arab Emirates,2012,72.54479
United Arab Emirates,2013,71.97174
United Arab Emirates,2014,70.97638
United Arab Emirates,2015,71.25105
United Arab Emirates,2016,72.127884
United Arab Emirates,2017,54.811394
United Arab Emirates,2018,51.578457
United Arab Emirates,2019,52.297836
United Kingdom,2000,76.71769
United Kingdom,2001,76.49496
United Kingdom,2002,77.45699
United Kingdom,2003,78.55712
United Kingdom,2004,80.17209
United Kingdom,2005,81.286385
United Kingdom,2006,82.05461
United Kingdom,2007,80.38816
United Kingdom,2008,81.49571
United Kingdom,2009,82.74048
United Kingdom,2010,82.14569
United Kingdom,2011,81.89387
United Kingdom,2012,81.22113
United Kingdom,2013,79.89542
United Kingdom,2014,80.01236
United Kingdom,2015,80.008
United Kingdom,2016,80.28693
United Kingdom,2017,79.66086
United Kingdom,2018,79.38203
United Kingdom,2019,79.468025
United States,2000,44.393787
United States,2001,45.340115
United States,2002,45.214497
United States,2003,44.98435
United States,2004,45.2912
United States,2005,45.391228
United States,2006,46.26139
United States,2007,46.344723
United States,2008,47.499317
United States,2009,48.512215
United States,2010,48.863132
United States,2011,48.942123
United States,2012,48.84258
United States,2013,49.46423
United States,2014,50.69042
United States,2015,51.152664
United States,2016,50.802433
United States,2017,50.650204
United States,2018,50.77179
United States,2019,50.843273
Upper middle income,2000,42.99572
Upper middle income,2001,42.986206
Upper middle income,2002,43.353012
Upper middle income,2003,44.577198
Upper middle income,2004,45.56213
Upper middle income,2005,46.38639
Upper middle income,2006,48.186592
Upper middle income,2007,49.951168
Upper middle income,2008,52.176033
Upper middle income,2009,53.890312
Upper middle income,2010,54.57145
Upper middle income,2011,55.26411
Upper middle income,2012,55.92617
Upper middle income,2013,56.809547
Upper middle income,2014,57.29772
Upper middle income,2015,58.232483
Upper middle income,2016,56.7339
Upper middle income,2017,55.721672
Upper middle income,2018,55.719784
Upper middle income,2019,55.740047
Uruguay,2000,41.546303
Uruguay,2001,44.903908
Uruguay,2002,47.934708
Uruguay,2003,52.366245
Uruguay,2004,52.31037
Uruguay,2005,45.176308
Uruguay,2006,47.687187
Uruguay,2007,48.53246
Uruguay,2008,56.314724
Uruguay,2009,59.332542
Uruguay,2010,60.002113
Uruguay,2011,61.49155
Uruguay,2012,64.220665
Uruguay,2013,66.440056
Uruguay,2014,68.12014
Uruguay,2015,68.4041
Uruguay,2016,69.52641
Uruguay,2017,69.295845
Uruguay,2018,69.119995
Uruguay,2019,66.60055
Uzbekistan,2000,39.097992
Uzbekistan,2001,38.842083
Uzbekistan,2002,37.610374
Uzbekistan,2003,36.53984
Uzbekistan,2004,37.28248
Uzbekistan,2005,37.960632
Uzbekistan,2006,40.57214
Uzbekistan,2007,39.56813
Uzbekistan,2008,40.724815
Uzbekistan,2009,41.63407
Uzbekistan,2010,43.34156
Uzbekistan,2011,43.24163
Uzbekistan,2012,45.423336
Uzbekistan,2013,44.981567
Uzbekistan,2014,52.202778
Uzbekistan,2015,49.78011
Uzbekistan,2016,43.592773
Uzbekistan,2017,41.497982
Uzbekistan,2018,38.169094
Uzbekistan,2019,41.58654
Vanuatu,2000,74.54831
Vanuatu,2001,74.14577
Vanuatu,2002,67.194374
Vanuatu,2003,70.99657
Vanuatu,2004,65.66696
Vanuatu,2005,64.758286
Vanuatu,2006,64.60328
Vanuatu,2007,71.54592
Vanuatu,2008,72.466354
Vanuatu,2009,61.59941
Vanuatu,2010,55.02124
Vanuatu,2011,65.60495
Vanuatu,2012,58.43972
Vanuatu,2013,51.12481
Vanuatu,2014,16.114552
Vanuatu,2015,48.57042
Vanuatu,2016,45.303295
Vanuatu,2017,53.06852
Vanuatu,2018,63.96357
Vanuatu,2019,57.049793
Venezuela,2000,45.866104
Venezuela,2001,44.945858
Venezuela,2002,46.04365
Venezuela,2003,50.367283
Venezuela,2004,54.169376
Venezuela,2005,46.478607
Venezuela,2006,56.808716
Venezuela,2007,51.670776
Venezuela,2008,39.838837
Venezuela,2009,34.38837
Venezuela,2010,37.86751
Venezuela,2011,42.895405
Venezuela,2012,44.268272
Venezuela,2013,38.54176
Venezuela,2014,34.474365
Venezuela,2015,45.268475
Venezuela,2016,47.278328
Venezuela,2017,59.8197
Venezuela,2018,65.18695
Venezuela,2019,46.041782
Vietnam,2000,34.89795
Vietnam,2001,26.491611
Vietnam,2002,36.474197
Vietnam,2003,32.91642
Vietnam,2004,35.65556
Vietnam,2005,36.727097
Vietnam,2006,36.02748
Vietnam,2007,35.314907
Vietnam,2008,37.676323
Vietnam,2009,36.24857
Vietnam,2010,39.617554
Vietnam,2011,38.6934
Vietnam,2012,41.91253
Vietnam,2013,47.110775
Vietnam,2014,41.957943
Vietnam,2015,41.809395
Vietnam,2016,47.431625
Vietnam,2017,46.108227
Vietnam,2018,41.628155
Vietnam,2019,43.798096
World,2000,57.42314
World,2001,57.364807
World,2002,57.332775
World,2003,57.90196
World,2004,58.428352
World,2005,58.366425
World,2006,58.472095
World,2007,58.765244
World,2008,59.69028
World,2009,60.277943
World,2010,60.193394
World,2011,60.850643
World,2012,60.469788
World,2013,60.30612
World,2014,60.684334
World,2015,60.266106
World,2016,60.01495
World,2017,59.8165
World,2018,59.920067
World,2019,59.805622
Yemen,2000,50.83431
Yemen,2001,50.109154
Yemen,2002,48.236855
Yemen,2003,41.755077
Yemen,2004,35.416233
Yemen,2005,31.791826
Yemen,2006,29.402594
Yemen,2007,26.868416
Yemen,2008,27.817322
Yemen,2009,21.861809
Yemen,2010,22.52562
Yemen,2011,22.897808
Yemen,2012,23.890102
Yemen,2013,19.746845
Yemen,2014,16.181664
Yemen,2015,10.182444
Zambia,2000,44.482876
Zambia,2001,47.39566
Zambia,2002,43.54032
Zambia,2003,33.943005
Zambia,2004,34.25578
Zambia,2005,26.680765
Zambia,2006,29.372818
Zambia,2007,22.471111
Zambia,2008,14.451848
Zambia,2009,9.899151
Zambia,2010,22.62167
Zambia,2011,34.788868
Zambia,2012,33.020138
Zambia,2013,27.923647
Zambia,2014,49.45684
Zambia,2015,47.13626
Zambia,2016,38.289658
Zambia,2017,40.340294
Zambia,2018,39.002117
Zambia,2019,40.08139
Zimbabwe,2010,26.282927
Zimbabwe,2011,26.227697
Zimbabwe,2012,28.891018
Zimbabwe,2013,28.38296
Zimbabwe,2014,33.58404
Zimbabwe,2015,20.81796
Zimbabwe,2016,23.307768
Zimbabwe,2017,24.019287
Zimbabwe,2018,32.06123
Zimbabwe,2019,17.631706
