Entity,Year,Out-of-pocket expenditure (% of current health expenditure)
Afghanistan,2002,85.37561
Afghanistan,2003,86.06919
Afghanistan,2004,84.527596
Afghanistan,2005,78.970085
Afghanistan,2006,76.824974
Afghanistan,2007,78.16999
Afghanistan,2008,75.40339
Afghanistan,2009,72.77924
Afghanistan,2010,78.99665
Afghanistan,2011,73.25517
Afghanistan,2012,74.486206
Afghanistan,2013,72.04787
Afghanistan,2014,73.05592
Afghanistan,2015,78.38229
Afghanistan,2016,75.974335
Afghanistan,2017,75.482574
Afghanistan,2018,76.22302
Afghanistan,2019,79.298615
Albania,2000,60.40231
Albania,2001,57.77629
Albania,2002,59.70919
Albania,2003,54.014923
Albania,2004,52.65772
Albania,2005,52.52602
Albania,2006,51.347057
Albania,2007,55.97729
Albania,2008,53.068398
Albania,2009,47.114067
Albania,2010,47.34183
Albania,2011,49.543064
Albania,2012,50.384193
Albania,2013,50.881577
Albania,2014,52.14576
Albania,2015,43.283127
Albania,2016,41.765575
Albania,2017,44.452198
Albania,2018,44.584118
Algeria,2000,25.794516
Algeria,2001,21.668526
Algeria,2002,22.524883
Algeria,2003,21.148638
Algeria,2004,26.094326
Algeria,2005,28.093613
Algeria,2006,29.12136
Algeria,2007,28.088581
Algeria,2008,26.146957
Algeria,2009,27.449507
Algeria,2010,28.882444
Algeria,2011,27.873465
Algeria,2012,25.715908
Algeria,2013,27.561977
Algeria,2014,26.658455
Algeria,2015,28.20834
Algeria,2016,30.883608
Algeria,2017,32.53519
Algeria,2018,32.628517
Algeria,2019,33.443756
Andorra,2000,15.517232
Andorra,2001,15.675577
Andorra,2002,14.928581
Andorra,2003,15.933967
Andorra,2004,16.792168
Andorra,2005,15.699474
Andorra,2006,17.696257
Andorra,2007,17.780832
Andorra,2008,15.40703
Andorra,2009,14.154641
Andorra,2010,13.69582
Andorra,2011,14.906427
Andorra,2012,15.073249
Andorra,2013,14.864865
Andorra,2014,13.907285
Andorra,2015,14.556962
Andorra,2016,13.939394
Andorra,2017,13.142857
Andorra,2018,13.586956
Andorra,2019,13.114754
Angola,2000,27.304688
Angola,2001,45.091087
Angola,2002,49.662052
Angola,2003,48.51069
Angola,2004,46.891098
Angola,2005,42.332657
Angola,2006,30.6657
Angola,2007,28.38397
Angola,2008,21.653238
Angola,2009,15.508905
Angola,2010,19.343756
Angola,2011,17.993809
Angola,2012,17.619177
Angola,2013,21.349277
Angola,2014,26.876167
Angola,2015,33.523167
Angola,2016,35.20893
Angola,2017,34.121014
Angola,2018,36.631897
Angola,2019,37.46487
Antigua and Barbuda,2000,22.224281
Antigua and Barbuda,2001,22.746914
Antigua and Barbuda,2002,22.740118
Antigua and Barbuda,2003,23.217892
Antigua and Barbuda,2004,24.311445
Antigua and Barbuda,2005,27.074982
Antigua and Barbuda,2006,30.316484
Antigua and Barbuda,2007,32.526573
Antigua and Barbuda,2008,31.909147
Antigua and Barbuda,2009,25.277037
Antigua and Barbuda,2010,24.683798
Antigua and Barbuda,2011,25.773012
Antigua and Barbuda,2012,26.895582
Antigua and Barbuda,2013,26.763391
Antigua and Barbuda,2014,25.343678
Antigua and Barbuda,2015,23.53069
Antigua and Barbuda,2016,27.519596
Antigua and Barbuda,2017,26.568624
Antigua and Barbuda,2018,23.660212
Antigua and Barbuda,2019,24.2651
Argentina,2000,29.104332
Argentina,2001,29.474398
Argentina,2002,29.993898
Argentina,2003,28.249893
Argentina,2004,27.629631
Argentina,2005,33.06813
Argentina,2006,32.41084
Argentina,2007,31.286299
Argentina,2008,30.261913
Argentina,2009,26.187096
Argentina,2010,26.780102
Argentina,2011,26.89296
Argentina,2012,26.08746
Argentina,2013,26.817417
Argentina,2014,27.042109
Argentina,2015,25.932375
Argentina,2016,29.568615
Argentina,2017,25.841177
Argentina,2018,27.729517
Argentina,2019,27.658516
Armenia,2000,62.010956
Armenia,2001,50.879604
Armenia,2002,75.2345
Armenia,2003,76.42555
Armenia,2004,71.58871
Armenia,2005,62.935917
Armenia,2006,61.17357
Armenia,2007,58.229183
Armenia,2008,71.43701
Armenia,2009,73.63293
Armenia,2010,77.62413
Armenia,2011,78.41967
Armenia,2012,78.5873
Armenia,2013,82.87557
Armenia,2014,82.48137
Armenia,2015,81.629875
Armenia,2016,80.64688
Armenia,2017,84.348076
Armenia,2018,84.27638
Armenia,2019,84.7943
Australia,2000,20.997139
Australia,2001,20.439096
Australia,2002,19.920012
Australia,2003,19.147589
Australia,2004,19.218697
Australia,2005,19.643015
Australia,2006,19.74942
Australia,2007,19.00256
Australia,2008,19.041626
Australia,2009,19.052843
Australia,2010,19.749287
Australia,2011,19.172483
Australia,2012,19.934338
Australia,2013,19.504166
Australia,2014,19.401701
Australia,2015,18.74152
Australia,2016,18.457085
Australia,2017,18.00725
Australia,2018,17.82116
Australia,2019,15.981086
Austria,2000,17.82222
Austria,2001,18.462957
Austria,2002,18.613287
Austria,2003,18.888369
Austria,2004,19.301905
Austria,2005,19.18326
Austria,2006,18.806276
Austria,2007,18.806139
Austria,2008,18.243933
Austria,2009,18.051287
Austria,2010,18.601625
Austria,2011,18.739563
Austria,2012,18.674091
Austria,2013,19.171251
Austria,2014,19.098177
Austria,2015,19.091112
Austria,2016,19.243353
Austria,2017,20.638712
Austria,2018,19.593433
Austria,2019,19.071913
Azerbaijan,2000,68.60791
Azerbaijan,2001,70.08419
Azerbaijan,2002,72.29127
Azerbaijan,2003,68.86583
Azerbaijan,2004,65.77505
Azerbaijan,2005,58.510494
Azerbaijan,2006,56.387955
Azerbaijan,2007,52.71387
Azerbaijan,2008,54.16812
Azerbaijan,2009,55.53509
Azerbaijan,2010,57.922195
Azerbaijan,2011,59.868496
Azerbaijan,2012,60.62774
Azerbaijan,2013,64.2056
Azerbaijan,2014,65.577225
Azerbaijan,2015,67.44889
Azerbaijan,2016,70.6705
Azerbaijan,2017,72.51228
Azerbaijan,2018,73.228615
Azerbaijan,2019,67.96252
Bahamas,2000,27.227015
Bahamas,2001,28.231693
Bahamas,2002,28.806862
Bahamas,2003,28.641514
Bahamas,2004,29.600466
Bahamas,2005,30.364874
Bahamas,2006,29.360367
Bahamas,2007,28.728867
Bahamas,2008,27.804842
Bahamas,2009,27.009764
Bahamas,2010,27.594763
Bahamas,2011,27.963295
Bahamas,2012,28.746342
Bahamas,2013,27.932516
Bahamas,2014,28.325329
Bahamas,2015,30.3904
Bahamas,2016,28.039242
Bahamas,2017,24.384737
Bahamas,2018,27.33549
Bahamas,2019,26.234001
Bahrain,2000,25.792206
Bahrain,2001,25.353828
Bahrain,2002,25.722609
Bahrain,2003,31.493101
Bahrain,2004,30.900747
Bahrain,2005,28.192526
Bahrain,2006,27.09491
Bahrain,2007,30.159124
Bahrain,2008,27.220684
Bahrain,2009,28.347857
Bahrain,2010,28.46046
Bahrain,2011,28.43585
Bahrain,2012,26.803833
Bahrain,2013,26.917973
Bahrain,2014,26.175999
Bahrain,2015,25.840387
Bahrain,2016,27.987858
Bahrain,2017,30.440464
Bahrain,2018,30.003578
Bahrain,2019,29.7323
Bangladesh,2000,61.09532
Bangladesh,2001,65.14017
Bangladesh,2002,62.29359
Bangladesh,2003,62.387627
Bangladesh,2004,62.505238
Bangladesh,2005,64.85486
Bangladesh,2006,65.075264
Bangladesh,2007,65.81632
Bangladesh,2008,67.163536
Bangladesh,2009,67.2367
Bangladesh,2010,67.2104
Bangladesh,2011,67.37222
Bangladesh,2012,67.46909
Bangladesh,2013,68.51466
Bangladesh,2014,69.93146
Bangladesh,2015,71.81634
Bangladesh,2016,73.153404
Bangladesh,2017,73.900635
Bangladesh,2018,73.88068
Bangladesh,2019,72.67635
Barbados,2000,39.374756
Barbados,2001,38.058594
Barbados,2002,36.521736
Barbados,2003,35.93108
Barbados,2004,33.58927
Barbados,2005,35.07393
Barbados,2006,35.38161
Barbados,2007,36.842216
Barbados,2008,35.45527
Barbados,2009,36.3134
Barbados,2010,38.08009
Barbados,2011,42.188225
Barbados,2012,38.606987
Barbados,2013,40.986107
Barbados,2014,43.795727
Barbados,2015,44.00276
Barbados,2016,44.069923
Barbados,2017,45.291325
Barbados,2018,46.51943
Barbados,2019,46.72623
Belarus,2000,16.02836
Belarus,2001,20.71437
Belarus,2002,23.02667
Belarus,2003,20.168894
Belarus,2004,19.22101
Belarus,2005,21.783026
Belarus,2006,24.388079
Belarus,2007,25.79394
Belarus,2008,29.841343
Belarus,2009,30.919722
Belarus,2010,29.165068
Belarus,2011,33.587845
Belarus,2012,30.773983
Belarus,2013,33.79234
Belarus,2014,34.894325
Belarus,2015,36.202614
Belarus,2016,26.714186
Belarus,2017,27.057556
Belarus,2018,25.445595
Belarus,2019,25.690063
Belgium,2000,20.227228
Belgium,2001,19.588264
Belgium,2002,20.871096
Belgium,2003,21.123043
Belgium,2004,20.276733
Belgium,2005,20.348185
Belgium,2006,20.499
Belgium,2007,20.842379
Belgium,2008,20.180332
Belgium,2009,19.931122
Belgium,2010,19.953894
Belgium,2011,19.689825
Belgium,2012,19.363688
Belgium,2013,19.609123
Belgium,2014,19.328384
Belgium,2015,19.34007
Belgium,2016,18.006823
Belgium,2017,17.804594
Belgium,2018,18.23685
Belgium,2019,18.172888
Belize,2000,37.3066
Belize,2001,33.6085
Belize,2002,33.21638
Belize,2003,33.49907
Belize,2004,33.45681
Belize,2005,31.962172
Belize,2006,28.968885
Belize,2007,24.89033
Belize,2008,22.919773
Belize,2009,24.340069
Belize,2010,24.628021
Belize,2011,24.53951
Belize,2012,25.345499
Belize,2013,24.936123
Belize,2014,22.264914
Belize,2015,23.370537
Belize,2016,23.727379
Belize,2017,23.901503
Belize,2018,23.223528
Belize,2019,21.810623
Benin,2000,52.369995
Benin,2001,49.886955
Benin,2002,52.659756
Benin,2003,53.021465
Benin,2004,51.056503
Benin,2005,51.101643
Benin,2006,50.494087
Benin,2007,49.001236
Benin,2008,47.329845
Benin,2009,46.012955
Benin,2010,44.994713
Benin,2011,43.574913
Benin,2012,37.40645
Benin,2013,42.31209
Benin,2014,44.012543
Benin,2015,40.49659
Benin,2016,43.0011
Benin,2017,43.867226
Benin,2018,44.6842
Benin,2019,47.043568
Bhutan,2000,11.541345
Bhutan,2001,7.934222
Bhutan,2002,10.304089
Bhutan,2003,19.008455
Bhutan,2004,16.253637
Bhutan,2005,16.790382
Bhutan,2006,14.791033
Bhutan,2007,14.336647
Bhutan,2008,15.474248
Bhutan,2009,16.581089
Bhutan,2010,16.482635
Bhutan,2011,16.343927
Bhutan,2012,20.506405
Bhutan,2013,20.313904
Bhutan,2014,21.171232
Bhutan,2015,19.794659
Bhutan,2016,20.129696
Bhutan,2017,13.306466
Bhutan,2018,13.163805
Bhutan,2019,17.79043
Bolivia,2000,33.5073
Bolivia,2001,33.05338
Bolivia,2002,33.920937
Bolivia,2003,32.028614
Bolivia,2004,32.594387
Bolivia,2005,32.000195
Bolivia,2006,32.265396
Bolivia,2007,30.761936
Bolivia,2008,30.368229
Bolivia,2009,30.099377
Bolivia,2010,33.2774
Bolivia,2011,32.505463
Bolivia,2012,34.358337
Bolivia,2013,34.009163
Bolivia,2014,30.904358
Bolivia,2015,27.326616
Bolivia,2016,28.021122
Bolivia,2017,25.077847
Bolivia,2018,21.981468
Bolivia,2019,23.868755
Bosnia and Herzegovina,2000,39.493134
Bosnia and Herzegovina,2001,38.78443
Bosnia and Herzegovina,2002,35.9349
Bosnia and Herzegovina,2003,30.288479
Bosnia and Herzegovina,2004,42.70068
Bosnia and Herzegovina,2005,45.200058
Bosnia and Herzegovina,2006,44.997086
Bosnia and Herzegovina,2007,44.270668
Bosnia and Herzegovina,2008,43.912994
Bosnia and Herzegovina,2009,30.618317
Bosnia and Herzegovina,2010,30.075863
Bosnia and Herzegovina,2011,29.468485
Bosnia and Herzegovina,2012,29.21257
Bosnia and Herzegovina,2013,29.067516
Bosnia and Herzegovina,2014,28.922344
Bosnia and Herzegovina,2015,28.802711
Bosnia and Herzegovina,2016,28.613728
Bosnia and Herzegovina,2017,29.119093
Bosnia and Herzegovina,2018,29.31169
Bosnia and Herzegovina,2019,29.352812
Botswana,2000,10.982949
Botswana,2001,9.725396
Botswana,2002,9.004373
Botswana,2003,9.045189
Botswana,2004,8.883628
Botswana,2005,8.827041
Botswana,2006,8.287499
Botswana,2007,6.7726226
Botswana,2008,5.815737
Botswana,2009,5.4235306
Botswana,2010,4.993563
Botswana,2011,4.573961
Botswana,2012,4.2400465
Botswana,2013,3.7843444
Botswana,2014,3.7170954
Botswana,2015,3.5778177
Botswana,2016,3.3074942
Botswana,2017,2.9932423
Botswana,2018,3.0892308
Botswana,2019,3.1368885
Brazil,2000,36.59222
Brazil,2001,37.80703
Brazil,2002,36.406197
Brazil,2003,35.473858
Brazil,2004,35.365833
Brazil,2005,35.876442
Brazil,2006,34.371265
Brazil,2007,33.09412
Brazil,2008,30.884092
Brazil,2009,31.210321
Brazil,2010,29.385206
Brazil,2011,29.299583
Brazil,2012,29.682032
Brazil,2013,28.177067
Brazil,2014,28.180248
Brazil,2015,24.70736
Brazil,2016,24.420572
Brazil,2017,24.467936
Brazil,2018,24.825294
Brazil,2019,24.879847
Brunei,2000,15.831314
Brunei,2001,16.806747
Brunei,2002,16.410551
Brunei,2003,17.051338
Brunei,2004,16.909481
Brunei,2005,16.333963
Brunei,2006,14.688528
Brunei,2007,12.785
Brunei,2008,10.108237
Brunei,2009,9.499402
Brunei,2010,8.261349
Brunei,2011,8.4718685
Brunei,2012,8.851929
Brunei,2013,9.40742
Brunei,2014,7.3345995
Brunei,2015,4.9735765
Brunei,2016,4.9798155
Brunei,2017,5.411423
Brunei,2018,4.8583517
Brunei,2019,5.6801085
Bulgaria,2000,40.3757
Bulgaria,2001,43.706127
Bulgaria,2002,39.794395
Bulgaria,2003,38.06083
Bulgaria,2004,39.20326
Bulgaria,2005,38.867413
Bulgaria,2006,42.647408
Bulgaria,2007,42.5927
Bulgaria,2008,42.62919
Bulgaria,2009,44.367344
Bulgaria,2010,43.141346
Bulgaria,2011,44.463726
Bulgaria,2012,47.746807
Bulgaria,2013,41.862442
Bulgaria,2014,40.24094
Bulgaria,2015,42.50994
Bulgaria,2016,43.254715
Bulgaria,2017,43.36105
Bulgaria,2018,40.51738
Bulgaria,2019,38.973133
Burkina Faso,2000,42.16008
Burkina Faso,2001,42.729385
Burkina Faso,2002,38.27583
Burkina Faso,2003,33.38693
Burkina Faso,2004,30.43884
Burkina Faso,2005,30.712255
Burkina Faso,2006,30.852598
Burkina Faso,2007,27.393473
Burkina Faso,2008,30.95701
Burkina Faso,2009,31.440691
Burkina Faso,2010,30.168734
Burkina Faso,2011,32.881702
Burkina Faso,2012,32.383568
Burkina Faso,2013,33.53733
Burkina Faso,2014,34.078476
Burkina Faso,2015,36.0298
Burkina Faso,2016,31.383095
Burkina Faso,2017,31.67768
Burkina Faso,2018,35.83075
Burkina Faso,2019,34.69356
Burundi,2000,41.786934
Burundi,2001,40.30459
Burundi,2002,41.20007
Burundi,2003,41.965694
Burundi,2004,35.56012
Burundi,2005,35.170086
Burundi,2006,34.81431
Burundi,2007,35.707035
Burundi,2008,35.95797
Burundi,2009,31.627554
Burundi,2010,28.200308
Burundi,2011,25.475243
Burundi,2012,22.693665
Burundi,2013,21.084394
Burundi,2014,30.557468
Burundi,2015,30.53679
Burundi,2016,25.950426
Burundi,2017,25.8303
Burundi,2018,23.874321
Burundi,2019,24.676357
Cambodia,2000,68.68245
Cambodia,2001,62.2577
Cambodia,2002,60.62694
Cambodia,2003,61.635105
Cambodia,2004,56.31127
Cambodia,2005,60.94361
Cambodia,2006,52.34569
Cambodia,2007,48.68356
Cambodia,2008,51.07616
Cambodia,2009,50.503445
Cambodia,2010,51.909466
Cambodia,2011,59.74188
Cambodia,2012,60.47091
Cambodia,2013,61.222153
Cambodia,2014,58.621777
Cambodia,2015,57.331066
Cambodia,2016,58.560402
Cambodia,2017,58.23595
Cambodia,2018,60.968803
Cambodia,2019,64.39125
Cameroon,2000,77.53
Cameroon,2001,73.32112
Cameroon,2002,70.23037
Cameroon,2003,71.61105
Cameroon,2004,73.96626
Cameroon,2005,74.42726
Cameroon,2006,74.43475
Cameroon,2007,75.058
Cameroon,2008,74.26247
Cameroon,2009,76.83085
Cameroon,2010,76.05049
Cameroon,2011,69.66052
Cameroon,2012,66.845276
Cameroon,2013,69.7243
Cameroon,2014,64.30428
Cameroon,2015,69.85345
Cameroon,2016,69.83177
Cameroon,2017,75.82298
Cameroon,2018,75.13142
Cameroon,2019,72.5307
Canada,2000,16.60521
Canada,2001,15.925995
Canada,2002,15.9083395
Canada,2003,15.25148
Canada,2004,15.2878685
Canada,2005,15.368293
Canada,2006,15.871591
Canada,2007,15.595139
Canada,2008,15.485016
Canada,2009,15.1541815
Canada,2010,15.488529
Canada,2011,15.066025
Canada,2012,14.870918
Canada,2013,14.495926
Canada,2014,14.597312
Canada,2015,14.610751
Canada,2016,15.470612
Canada,2017,15.280275
Canada,2018,14.989159
Canada,2019,14.91468
Cape Verde,2000,25.259188
Cape Verde,2001,23.331083
Cape Verde,2002,23.523815
Cape Verde,2003,24.172354
Cape Verde,2004,23.833986
Cape Verde,2005,24.590755
Cape Verde,2006,23.799574
Cape Verde,2007,22.916231
Cape Verde,2008,24.451736
Cape Verde,2009,24.229616
Cape Verde,2010,28.081932
Cape Verde,2011,25.89293
Cape Verde,2012,24.568192
Cape Verde,2013,24.250145
Cape Verde,2014,25.699053
Cape Verde,2015,27.749285
Cape Verde,2016,28.692944
Cape Verde,2017,27.387424
Cape Verde,2018,27.205256
Cape Verde,2019,24.940767
Central African Republic,2000,47.03989
Central African Republic,2001,53.503872
Central African Republic,2002,49.51162
Central African Republic,2003,51.472748
Central African Republic,2004,54.852493
Central African Republic,2005,53.23128
Central African Republic,2006,52.946228
Central African Republic,2007,50.60357
Central African Republic,2008,58.595963
Central African Republic,2009,49.31326
Central African Republic,2010,62.27073
Central African Republic,2011,60.70261
Central African Republic,2012,58.31565
Central African Republic,2013,47.28457
Central African Republic,2014,50.285793
Central African Republic,2015,48.776714
Central African Republic,2016,55.20956
Central African Republic,2017,56.415894
Central African Republic,2018,41.672726
Central African Republic,2019,60.31565
Chad,2000,56.21626
Chad,2001,58.26093
Chad,2002,64.73538
Chad,2003,47.41553
Chad,2004,51.014065
Chad,2005,56.22251
Chad,2006,63.66036
Chad,2007,64.91827
Chad,2008,68.81595
Chad,2009,65.01297
Chad,2010,67.58454
Chad,2011,60.77016
Chad,2012,59.428223
Chad,2013,58.637955
Chad,2014,55.721207
Chad,2015,56.72421
Chad,2016,56.65455
Chad,2017,59.210087
Chad,2018,62.373466
Chad,2019,57.22344
Chile,2000,42.81497
Chile,2001,42.615173
Chile,2002,42.484005
Chile,2003,42.763847
Chile,2004,41.84412
Chile,2005,42.470867
Chile,2006,40.749977
Chile,2007,39.187275
Chile,2008,37.430428
Chile,2009,34.58894
Chile,2010,34.46763
Chile,2011,34.49926
Chile,2012,33.407642
Chile,2013,33.63831
Chile,2014,34.26873
Chile,2015,34.50926
Chile,2016,34.750828
Chile,2017,33.305096
Chile,2018,33.246727
Chile,2019,32.800026
China,2000,60.12534
China,2001,64.19144
China,2002,62.850822
China,2003,60.717766
China,2004,58.768677
China,2005,57.689995
China,2006,55.991184
China,2007,51.29121
China,2008,47.368248
China,2009,43.456223
China,2010,40.800014
China,2011,40.26554
China,2012,39.23459
China,2013,38.159515
China,2014,36.564835
China,2015,35.089287
China,2016,35.906185
China,2017,36.050407
China,2018,35.750656
China,2019,35.23002
Colombia,2000,13.691033
Colombia,2001,13.398138
Colombia,2002,11.489608
Colombia,2003,8.603981
Colombia,2004,13.758585
Colombia,2005,16.407959
Colombia,2006,17.933369
Colombia,2007,19.248524
Colombia,2008,20.852736
Colombia,2009,18.014547
Colombia,2010,17.003557
Colombia,2011,15.315755
Colombia,2012,17.858553
Colombia,2013,17.152899
Colombia,2014,16.27701
Colombia,2015,15.401051
Colombia,2016,15.61221
Colombia,2017,15.36301
Colombia,2018,15.130748
Colombia,2019,14.856961
Comoros,2000,79.78871
Comoros,2001,81.362236
Comoros,2002,76.27454
Comoros,2003,73.18702
Comoros,2004,73.07665
Comoros,2005,76.2222
Comoros,2006,79.531586
Comoros,2007,81.81255
Comoros,2008,83.37431
Comoros,2009,84.12469
Comoros,2010,80.46083
Comoros,2011,64.04379
Comoros,2012,67.95716
Comoros,2013,68.12346
Comoros,2014,65.59694
Comoros,2015,74.987915
Comoros,2016,71.26645
Comoros,2017,63.844444
Comoros,2018,67.2551
Comoros,2019,61.827965
Congo,2000,52.699726
Congo,2001,45.78503
Congo,2002,61.422707
Congo,2003,61.434616
Congo,2004,55.608402
Congo,2005,51.97861
Congo,2006,48.682068
Congo,2007,49.15676
Congo,2008,37.85081
Congo,2009,50.37176
Congo,2010,42.15447
Congo,2011,41.091347
Congo,2012,29.737991
Congo,2013,30.652586
Congo,2014,31.186316
Congo,2015,32.460117
Congo,2016,44.256783
Congo,2017,45.590122
Congo,2018,50.2575
Congo,2019,45.86199
Costa Rica,2000,31.574873
Costa Rica,2001,31.632868
Costa Rica,2002,30.690622
Costa Rica,2003,30.765013
Costa Rica,2004,32.059814
Costa Rica,2005,32.773815
Costa Rica,2006,31.076956
Costa Rica,2007,30.912472
Costa Rica,2008,29.510948
Costa Rica,2009,26.40225
Costa Rica,2010,25.384314
Costa Rica,2011,25.78323
Costa Rica,2012,24.50275
Costa Rica,2013,23.225666
Costa Rica,2014,24.413305
Costa Rica,2015,22.599232
Costa Rica,2016,22.202951
Costa Rica,2017,21.25539
Costa Rica,2018,22.416424
Costa Rica,2019,22.324564
Cote d'Ivoire,2000,73.06518
Cote d'Ivoire,2001,74.42911
Cote d'Ivoire,2002,73.05618
Cote d'Ivoire,2003,72.446236
Cote d'Ivoire,2004,69.99561
Cote d'Ivoire,2005,70.29633
Cote d'Ivoire,2006,67.47201
Cote d'Ivoire,2007,63.33766
Cote d'Ivoire,2008,59.38002
Cote d'Ivoire,2009,59.615696
Cote d'Ivoire,2010,58.51256
Cote d'Ivoire,2011,59.2073
Cote d'Ivoire,2012,52.798115
Cote d'Ivoire,2013,56.159325
Cote d'Ivoire,2014,51.14342
Cote d'Ivoire,2015,42.589264
Cote d'Ivoire,2016,40.012493
Cote d'Ivoire,2017,39.215244
Cote d'Ivoire,2018,39.285324
Cote d'Ivoire,2019,37.293674
Croatia,2000,13.861253
Croatia,2001,14.389894
Croatia,2002,18.632362
Croatia,2003,16.642763
Croatia,2004,18.121597
Croatia,2005,13.390596
Croatia,2006,13.314658
Croatia,2007,12.394236
Croatia,2008,14.513908
Croatia,2009,13.746628
Croatia,2010,13.956778
Croatia,2011,12.05217
Croatia,2012,11.472451
Croatia,2013,8.831277
Croatia,2014,11.275283
Croatia,2015,10.944345
Croatia,2016,10.973983
Croatia,2017,10.966596
Croatia,2018,10.478447
Croatia,2019,11.4647665
Cuba,2000,16.229382
Cuba,2001,18.706238
Cuba,2002,19.377361
Cuba,2003,20.325125
Cuba,2004,19.598093
Cuba,2005,14.843676
Cuba,2006,14.263662
Cuba,2007,9.78315
Cuba,2008,8.837513
Cuba,2009,8.099642
Cuba,2010,9.181972
Cuba,2011,10.81638
Cuba,2012,13.130973
Cuba,2013,12.271191
Cuba,2014,9.638877
Cuba,2015,9.621831
Cuba,2016,10.285435
Cuba,2017,10.482664
Cuba,2018,11.008016
Cuba,2019,10.585705
Cyprus,2000,55.901917
Cyprus,2001,55.21613
Cyprus,2002,52.77162
Cyprus,2003,47.654648
Cyprus,2004,49.88218
Cyprus,2005,49.8322
Cyprus,2006,48.328247
Cyprus,2007,48.797615
Cyprus,2008,51.40008
Cyprus,2009,49.923805
Cyprus,2010,43.10597
Cyprus,2011,41.374634
Cyprus,2012,42.371662
Cyprus,2013,42.599133
Cyprus,2014,45.11098
Cyprus,2015,43.48733
Cyprus,2016,44.431328
Cyprus,2017,44.40687
Cyprus,2018,43.59209
Cyprus,2019,30.56827
Czechia,2000,10.197507
Czechia,2001,10.643266
Czechia,2002,10.001703
Czechia,2003,10.367225
Czechia,2004,10.705014
Czechia,2005,11.092852
Czechia,2006,11.646024
Czechia,2007,13.631025
Czechia,2008,16.13297
Czechia,2009,15.050539
Czechia,2010,15.250875
Czechia,2011,15.021459
Czechia,2012,15.291489
Czechia,2013,13.585854
Czechia,2014,14.081992
Czechia,2015,14.828394
Czechia,2016,15.023812
Czechia,2017,14.8091
Czechia,2018,14.1906
Czechia,2019,14.150025
Democratic Republic of Congo,2000,51.082504
Democratic Republic of Congo,2001,70.11753
Democratic Republic of Congo,2002,69.01516
Democratic Republic of Congo,2003,66.522224
Democratic Republic of Congo,2004,70.732864
Democratic Republic of Congo,2005,68.51326
Democratic Republic of Congo,2006,67.86348
Democratic Republic of Congo,2007,63.572414
Democratic Republic of Congo,2008,49.801697
Democratic Republic of Congo,2009,45.382015
Democratic Republic of Congo,2010,37.0503
Democratic Republic of Congo,2011,38.824097
Democratic Republic of Congo,2012,40.27503
Democratic Republic of Congo,2013,39.43297
Democratic Republic of Congo,2014,38.716404
Democratic Republic of Congo,2015,37.42671
Democratic Republic of Congo,2016,37.291874
Democratic Republic of Congo,2017,40.12472
Democratic Republic of Congo,2018,41.61064
Democratic Republic of Congo,2019,38.497005
Denmark,2000,15.356432
Denmark,2001,15.115948
Denmark,2002,14.728385
Denmark,2003,14.557195
Denmark,2004,14.871141
Denmark,2005,14.709208
Denmark,2006,14.52643
Denmark,2007,14.561826
Denmark,2008,14.117798
Denmark,2009,13.684605
Denmark,2010,14.385711
Denmark,2011,14.55077
Denmark,2012,14.159057
Denmark,2013,13.810083
Denmark,2014,13.7745495
Denmark,2015,13.6747675
Denmark,2016,13.712369
Denmark,2017,13.738462
Denmark,2018,13.765105
Denmark,2019,14.169252
Djibouti,2000,51.332466
Djibouti,2001,54.730343
Djibouti,2002,42.81144
Djibouti,2003,36.943947
Djibouti,2004,41.30124
Djibouti,2005,41.67883
Djibouti,2006,37.762516
Djibouti,2007,35.844536
Djibouti,2008,31.61332
Djibouti,2009,30.168688
Djibouti,2010,29.039309
Djibouti,2011,24.228806
Djibouti,2012,22.947966
Djibouti,2013,24.058084
Djibouti,2014,22.659527
Djibouti,2015,20.542557
Djibouti,2016,23.178665
Djibouti,2017,26.157728
Djibouti,2018,29.104984
Djibouti,2019,24.153313
Dominica,2000,33.024654
Dominica,2001,41.14457
Dominica,2002,41.70457
Dominica,2003,40.080254
Dominica,2004,40.67154
Dominica,2005,40.024548
Dominica,2006,39.928425
Dominica,2007,42.96027
Dominica,2008,44.350277
Dominica,2009,42.240505
Dominica,2010,38.80087
Dominica,2011,36.784126
Dominica,2012,35.471058
Dominica,2013,35.361908
Dominica,2014,35.7448
Dominica,2015,34.054688
Dominica,2016,32.22554
Dominica,2017,28.557793
Dominica,2018,30.913193
Dominica,2019,33.859642
Dominican Republic,2000,55.320145
Dominican Republic,2001,54.50362
Dominican Republic,2002,53.45067
Dominican Republic,2003,61.651386
Dominican Republic,2004,62.253124
Dominican Republic,2005,53.876556
Dominican Republic,2006,54.748325
Dominican Republic,2007,47.68968
Dominican Republic,2008,43.601456
Dominican Republic,2009,42.82119
Dominican Republic,2010,43.916805
Dominican Republic,2011,42.44413
Dominican Republic,2012,42.86168
Dominican Republic,2013,42.183224
Dominican Republic,2014,42.484177
Dominican Republic,2015,42.85131
Dominican Republic,2016,44.616413
Dominican Republic,2017,44.738197
Dominican Republic,2018,44.745384
Dominican Republic,2019,42.948456
East Asia and Pacific,2000,23.509377
East Asia and Pacific,2001,24.468643
East Asia and Pacific,2002,25.23733
East Asia and Pacific,2003,25.642658
East Asia and Pacific,2004,25.277592
East Asia and Pacific,2005,25.61621
East Asia and Pacific,2006,26.676756
East Asia and Pacific,2007,26.104244
East Asia and Pacific,2008,25.95928
East Asia and Pacific,2009,25.06827
East Asia and Pacific,2010,24.689445
East Asia and Pacific,2011,23.690638
East Asia and Pacific,2012,24.120598
East Asia and Pacific,2013,25.270054
East Asia and Pacific,2014,25.361883
East Asia and Pacific,2015,25.636513
East Asia and Pacific,2016,25.404245
East Asia and Pacific,2017,25.815779
East Asia and Pacific,2018,26.250128
East Asia and Pacific,2019,25.846952
Ecuador,2000,63.58325
Ecuador,2001,60.97737
Ecuador,2002,62.641438
Ecuador,2003,62.05472
Ecuador,2004,60.87601
Ecuador,2005,62.833954
Ecuador,2006,60.956158
Ecuador,2007,55.387093
Ecuador,2008,54.79512
Ecuador,2009,52.017628
Ecuador,2010,47.349907
Ecuador,2011,46.449093
Ecuador,2012,43.176292
Ecuador,2013,38.030846
Ecuador,2014,33.16308
Ecuador,2015,36.265293
Ecuador,2016,33.146763
Ecuador,2017,32.429523
Ecuador,2018,30.464945
Ecuador,2019,30.878416
Egypt,2000,62.48935
Egypt,2001,63.825607
Egypt,2002,63.766796
Egypt,2003,65.405075
Egypt,2004,64.55257
Egypt,2005,64.58326
Egypt,2006,60.4172
Egypt,2007,60.327496
Egypt,2008,61.823803
Egypt,2009,60.436813
Egypt,2010,62.6281
Egypt,2011,60.495102
Egypt,2012,60.88406
Egypt,2013,57.935135
Egypt,2014,55.121376
Egypt,2015,59.454304
Egypt,2016,58.996952
Egypt,2017,56.398254
Egypt,2018,62.26117
Egypt,2019,62.74811
El Salvador,2000,51.68439
El Salvador,2001,50.609512
El Salvador,2002,49.19663
El Salvador,2003,48.62113
El Salvador,2004,45.90971
El Salvador,2005,42.687225
El Salvador,2006,32.834236
El Salvador,2007,35.394745
El Salvador,2008,34.587696
El Salvador,2009,33.158382
El Salvador,2010,32.744896
El Salvador,2011,30.584255
El Salvador,2012,32.075558
El Salvador,2013,28.230238
El Salvador,2014,28.271723
El Salvador,2015,27.832254
El Salvador,2016,27.168877
El Salvador,2017,29.19645
El Salvador,2018,28.789902
El Salvador,2019,28.372318
Equatorial Guinea,2000,78.13352
Equatorial Guinea,2001,78.08621
Equatorial Guinea,2002,84.1821
Equatorial Guinea,2003,82.552025
Equatorial Guinea,2004,82.29071
Equatorial Guinea,2005,77.64416
Equatorial Guinea,2006,71.87649
Equatorial Guinea,2007,70.786064
Equatorial Guinea,2008,76.72664
Equatorial Guinea,2009,57.76093
Equatorial Guinea,2010,66.194954
Equatorial Guinea,2011,64.344124
Equatorial Guinea,2012,48.656155
Equatorial Guinea,2013,71.66548
Equatorial Guinea,2014,74.48125
Equatorial Guinea,2015,77.14693
Equatorial Guinea,2016,74.36143
Equatorial Guinea,2017,75.43042
Equatorial Guinea,2018,75.110085
Equatorial Guinea,2019,75.46521
Eritrea,2000,63.767986
Eritrea,2001,55.927986
Eritrea,2002,46.02208
Eritrea,2003,38.933056
Eritrea,2004,35.13972
Eritrea,2005,35.2389
Eritrea,2006,34.45084
Eritrea,2007,44.093056
Eritrea,2008,33.42354
Eritrea,2009,46.116467
Eritrea,2010,49.40819
Eritrea,2011,37.064533
Eritrea,2012,52.9661
Eritrea,2013,49.11731
Eritrea,2014,52.646904
Eritrea,2015,42.14126
Eritrea,2016,56.45917
Eritrea,2017,40.939747
Eritrea,2018,48.895653
Eritrea,2019,43.19563
Estonia,2000,20.364618
Estonia,2001,19.245323
Estonia,2002,20.558872
Estonia,2003,20.512821
Estonia,2004,22.397604
Estonia,2005,22.636902
Estonia,2006,23.166203
Estonia,2007,22.650515
Estonia,2008,20.724134
Estonia,2009,20.334955
Estonia,2010,21.91825
Estonia,2011,21.555899
Estonia,2012,21.517412
Estonia,2013,22.605028
Estonia,2014,22.622444
Estonia,2015,22.784138
Estonia,2016,22.728884
Estonia,2017,24.876936
Estonia,2018,24.640488
Estonia,2019,24.045368
Eswatini,2000,18.52518
Eswatini,2001,17.861988
Eswatini,2002,16.884169
Eswatini,2003,15.057869
Eswatini,2004,14.643969
Eswatini,2005,13.24464
Eswatini,2006,12.404338
Eswatini,2007,12.135823
Eswatini,2008,10.542341
Eswatini,2009,10.423815
Eswatini,2010,10.455421
Eswatini,2011,10.483345
Eswatini,2012,10.508194
Eswatini,2013,10.530449
Eswatini,2014,10.550495
Eswatini,2015,10.568647
Eswatini,2016,10.585162
Eswatini,2017,10.496746
Eswatini,2018,10.103766
Eswatini,2019,10.57721
Ethiopia,2000,35.957302
Ethiopia,2001,34.553986
Ethiopia,2002,37.462627
Ethiopia,2003,34.45894
Ethiopia,2004,34.866314
Ethiopia,2005,31.340298
Ethiopia,2006,38.77533
Ethiopia,2007,36.996235
Ethiopia,2008,38.477333
Ethiopia,2009,41.539257
Ethiopia,2010,42.290207
Ethiopia,2011,46.53788
Ethiopia,2012,42.167454
Ethiopia,2013,42.404068
Ethiopia,2014,38.474087
Ethiopia,2015,36.74348
Ethiopia,2016,35.43159
Ethiopia,2017,34.401615
Ethiopia,2018,35.44365
Ethiopia,2019,37.87532
Europe and Central Asia,2000,17.251266
Europe and Central Asia,2001,17.108936
Europe and Central Asia,2002,16.915602
Europe and Central Asia,2003,16.792433
Europe and Central Asia,2004,16.983866
Europe and Central Asia,2005,16.775818
Europe and Central Asia,2006,16.998995
Europe and Central Asia,2007,17.308237
Europe and Central Asia,2008,17.26075
Europe and Central Asia,2009,16.72175
Europe and Central Asia,2010,17.136145
Europe and Central Asia,2011,17.417902
Europe and Central Asia,2012,17.733189
Europe and Central Asia,2013,17.93774
Europe and Central Asia,2014,17.803158
Europe and Central Asia,2015,17.80149
Europe and Central Asia,2016,17.711452
Europe and Central Asia,2017,17.964104
Europe and Central Asia,2018,17.799839
Europe and Central Asia,2019,17.618402
European Union,2000,15.731485
European Union,2001,15.587075
European Union,2002,15.514718
European Union,2003,15.562644
European Union,2004,15.92912
European Union,2005,15.797349
European Union,2006,16.139101
European Union,2007,16.109463
European Union,2008,16.193756
European Union,2009,15.716116
European Union,2010,15.848567
European Union,2011,16.052204
European Union,2012,16.171135
European Union,2013,16.005651
European Union,2014,15.93613
European Union,2015,15.984215
European Union,2016,15.7931
European Union,2017,15.833005
European Union,2018,15.660287
European Union,2019,15.500696
Fiji,2000,10.837267
Fiji,2001,13.178211
Fiji,2002,12.318936
Fiji,2003,12.85473
Fiji,2004,12.955368
Fiji,2005,12.087749
Fiji,2006,14.346372
Fiji,2007,15.587112
Fiji,2008,16.505613
Fiji,2009,24.589401
Fiji,2010,22.370724
Fiji,2011,25.316788
Fiji,2012,24.789248
Fiji,2013,22.546637
Fiji,2014,19.896374
Fiji,2015,21.026045
Fiji,2016,20.638285
Fiji,2017,15.594249
Fiji,2018,14.438515
Fiji,2019,13.194603
Finland,2000,21.627064
Finland,2001,21.219114
Finland,2002,20.744572
Finland,2003,20.337227
Finland,2004,19.859585
Finland,2005,19.576107
Finland,2006,18.816587
Finland,2007,18.998278
Finland,2008,18.572989
Finland,2009,18.31737
Finland,2010,18.803955
Finland,2011,18.152046
Finland,2012,17.46196
Finland,2013,17.794474
Finland,2014,17.637447
Finland,2015,18.628895
Finland,2016,19.272913
Finland,2017,19.045969
Finland,2018,18.430683
Finland,2019,17.448965
France,2000,7.2734966
France,2001,7.3357396
France,2002,7.137969
France,2003,7.376619
France,2004,7.246232
France,2005,7.368947
France,2006,9.358806
France,2007,9.528407
France,2008,10.029732
France,2009,10.166797
France,2010,10.235031
France,2011,10.239941
France,2012,10.119961
France,2013,9.948024
France,2014,9.869859
France,2015,9.716863
France,2016,9.576483
France,2017,9.586033
France,2018,9.316583
France,2019,9.26108
Gabon,2000,53.130077
Gabon,2001,50.799835
Gabon,2002,54.06825
Gabon,2003,50.091507
Gabon,2004,49.94594
Gabon,2005,52.13557
Gabon,2006,51.149265
Gabon,2007,50.51585
Gabon,2008,51.96376
Gabon,2009,50.631607
Gabon,2010,25.505648
Gabon,2011,27.73153
Gabon,2012,28.004763
Gabon,2013,28.59302
Gabon,2014,28.12981
Gabon,2015,25.90466
Gabon,2016,22.550892
Gabon,2017,25.156391
Gabon,2018,23.114153
Gabon,2019,23.088022
Gambia,2000,13.036527
Gambia,2001,12.566061
Gambia,2002,12.9042015
Gambia,2003,11.152634
Gambia,2004,9.631638
Gambia,2005,10.8192835
Gambia,2006,11.444506
Gambia,2007,13.153462
Gambia,2008,14.01054
Gambia,2009,14.648798
Gambia,2010,14.594457
Gambia,2011,15.278008
Gambia,2012,16.07409
Gambia,2013,20.900314
Gambia,2014,18.394016
Gambia,2015,23.415586
Gambia,2016,26.46255
Gambia,2017,21.584297
Gambia,2018,18.531864
Gambia,2019,23.19362
Georgia,2000,80.984344
Georgia,2001,76.4383
Georgia,2002,77.12855
Georgia,2003,79.207924
Georgia,2004,79.436966
Georgia,2005,79.585495
Georgia,2006,77.26433
Georgia,2007,75.6736
Georgia,2008,66.54589
Georgia,2009,68.90899
Georgia,2010,72.72727
Georgia,2011,75.612144
Georgia,2012,73.43678
Georgia,2013,69.077194
Georgia,2014,65.97561
Georgia,2015,57.324337
Georgia,2016,55.518723
Georgia,2017,54.761906
Georgia,2018,47.668293
Georgia,2019,46.767754
Germany,2000,12.288601
Germany,2001,12.282045
Germany,2002,12.575441
Germany,2003,12.8403635
Germany,2004,14.02403
Germany,2005,14.12019
Germany,2006,14.506656
Germany,2007,14.412234
Germany,2008,14.116502
Germany,2009,13.893851
Germany,2010,13.960321
Germany,2011,14.004347
Germany,2012,14.169926
Germany,2013,13.309896
Germany,2014,13.000814
Germany,2015,13.082711
Germany,2016,12.985508
Germany,2017,12.77696
Germany,2018,12.838973
Germany,2019,12.816401
Ghana,2000,52.610046
Ghana,2001,46.820976
Ghana,2002,54.184444
Ghana,2003,51.08756
Ghana,2004,48.00924
Ghana,2005,37.1293
Ghana,2006,38.807003
Ghana,2007,38.469032
Ghana,2008,37.030243
Ghana,2009,31.048468
Ghana,2010,27.596691
Ghana,2011,36.05526
Ghana,2012,38.31507
Ghana,2013,38.87571
Ghana,2014,45.05064
Ghana,2015,35.803062
Ghana,2016,37.823727
Ghana,2017,41.414963
Ghana,2018,37.4154
Ghana,2019,36.21754
Greece,2000,36.272114
Greece,2001,34.778316
Greece,2002,37.38019
Greece,2003,37.899563
Greece,2004,38.961117
Greece,2005,36.875244
Greece,2006,36.04511
Greece,2007,34.223377
Greece,2008,32.208233
Greece,2009,29.502995
Greece,2010,28.258852
Greece,2011,31.158478
Greece,2012,30.448957
Greece,2013,34.07709
Greece,2014,37.098717
Greece,2015,36.763172
Greece,2016,34.88587
Greece,2017,35.08441
Greece,2018,36.77734
Greece,2019,35.17697
Grenada,2000,59.30253
Grenada,2001,56.116272
Grenada,2002,50.98685
Grenada,2003,53.70714
Grenada,2004,47.225895
Grenada,2005,48.58168
Grenada,2006,52.814907
Grenada,2007,55.369633
Grenada,2008,55.200977
Grenada,2009,54.5784
Grenada,2010,56.57121
Grenada,2011,54.27905
Grenada,2012,54.764347
Grenada,2013,55.12482
Grenada,2014,51.891445
Grenada,2015,53.97852
Grenada,2016,55.743515
Grenada,2017,55.11003
Grenada,2018,54.910553
Grenada,2019,54.420956
Guatemala,2000,58.98999
Guatemala,2001,62.315346
Guatemala,2002,62.113297
Guatemala,2003,61.623295
Guatemala,2004,60.035316
Guatemala,2005,62.47688
Guatemala,2006,61.515533
Guatemala,2007,61.62371
Guatemala,2008,59.048336
Guatemala,2009,56.9232
Guatemala,2010,58.949142
Guatemala,2011,58.879204
Guatemala,2012,58.31992
Guatemala,2013,54.61948
Guatemala,2014,55.55548
Guatemala,2015,55.722786
Guatemala,2016,56.06059
Guatemala,2017,54.134106
Guatemala,2018,57.500355
Guatemala,2019,55.989178
Guinea,2000,65.30891
Guinea,2001,63.35537
Guinea,2002,59.350914
Guinea,2003,62.463604
Guinea,2004,69.423035
Guinea,2005,70.012634
Guinea,2006,70.89978
Guinea,2007,71.5597
Guinea,2008,71.022644
Guinea,2009,72.58367
Guinea,2010,69.30178
Guinea,2011,59.985645
Guinea,2012,62.399292
Guinea,2013,61.905987
Guinea,2014,58.359253
Guinea,2015,49.352406
Guinea,2016,49.761665
Guinea,2017,64.59756
Guinea,2018,67.11582
Guinea,2019,59.215427
Guinea-Bissau,2000,37.70707
Guinea-Bissau,2001,39.05767
Guinea-Bissau,2002,38.167923
Guinea-Bissau,2003,34.265392
Guinea-Bissau,2004,30.773561
Guinea-Bissau,2005,33.149994
Guinea-Bissau,2006,35.78895
Guinea-Bissau,2007,32.46192
Guinea-Bissau,2008,36.21335
Guinea-Bissau,2009,35.177376
Guinea-Bissau,2010,37.383858
Guinea-Bissau,2011,35.824223
Guinea-Bissau,2012,58.70549
Guinea-Bissau,2013,64.34075
Guinea-Bissau,2014,55.388493
Guinea-Bissau,2015,66.92209
Guinea-Bissau,2016,64.583374
Guinea-Bissau,2017,68.41368
Guinea-Bissau,2018,63.908195
Guinea-Bissau,2019,65.15561
Guyana,2000,40.249783
Guyana,2001,42.258625
Guyana,2002,40.30484
Guyana,2003,38.461014
Guyana,2004,37.145294
Guyana,2005,35.11706
Guyana,2006,35.29148
Guyana,2007,32.98963
Guyana,2008,35.32625
Guyana,2009,32.84932
Guyana,2010,34.746872
Guyana,2011,34.813858
Guyana,2012,38.896282
Guyana,2013,37.957222
Guyana,2014,35.95364
Guyana,2015,33.71472
Guyana,2016,29.935467
Guyana,2017,28.840548
Guyana,2018,33.730396
Guyana,2019,34.830696
Haiti,2000,44.373436
Haiti,2001,45.2053
Haiti,2002,48.1778
Haiti,2003,48.05616
Haiti,2004,46.48626
Haiti,2005,46.016018
Haiti,2006,43.062767
Haiti,2007,40.12002
Haiti,2008,38.579563
Haiti,2009,39.27424
Haiti,2010,33.309673
Haiti,2011,26.086277
Haiti,2012,28.439817
Haiti,2013,36.241646
Haiti,2014,31.015312
Haiti,2015,33.96488
Haiti,2016,35.29019
Haiti,2017,39.94205
Haiti,2018,44.346516
Haiti,2019,43.2953
High income,2000,16.210327
High income,2001,15.699346
High income,2002,15.595302
High income,2003,15.584372
High income,2004,15.527645
High income,2005,15.326689
High income,2006,15.324581
High income,2007,15.331512
High income,2008,15.185885
High income,2009,14.544406
High income,2010,14.504573
High income,2011,14.414503
High income,2012,14.425153
High income,2013,14.412921
High income,2014,14.25812
High income,2015,14.037212
High income,2016,13.941421
High income,2017,13.820647
High income,2018,13.814264
High income,2019,13.608655
Honduras,2000,45.94882
Honduras,2001,52.520283
Honduras,2002,51.85142
Honduras,2003,48.32307
Honduras,2004,50.057262
Honduras,2005,49.064716
Honduras,2006,49.862488
Honduras,2007,49.799366
Honduras,2008,51.415623
Honduras,2009,44.90909
Honduras,2010,46.262527
Honduras,2011,45.79561
Honduras,2012,49.860035
Honduras,2013,49.258335
Honduras,2014,48.687782
Honduras,2015,50.663536
Honduras,2016,49.884518
Honduras,2017,49.822433
Honduras,2018,52.305996
Honduras,2019,52.609097
Hungary,2000,27.363667
Hungary,2001,28.865763
Hungary,2002,27.563578
Hungary,2003,26.39414
Hungary,2004,25.871967
Hungary,2005,25.801426
Hungary,2006,25.046406
Hungary,2007,27.014355
Hungary,2008,26.951351
Hungary,2009,26.26888
Hungary,2010,27.445549
Hungary,2011,28.243572
Hungary,2012,29.39692
Hungary,2013,28.384876
Hungary,2014,28.360909
Hungary,2015,27.488354
Hungary,2016,27.68942
Hungary,2017,27.37049
Hungary,2018,26.428717
Hungary,2019,28.159561
Iceland,2000,19.427069
Iceland,2001,19.473686
Iceland,2002,18.566563
Iceland,2003,17.387648
Iceland,2004,17.704445
Iceland,2005,17.588615
Iceland,2006,16.946323
Iceland,2007,16.470362
Iceland,2008,16.271433
Iceland,2009,16.874794
Iceland,2010,18.661196
Iceland,2011,18.503138
Iceland,2012,18.567736
Iceland,2013,18.256147
Iceland,2014,17.980272
Iceland,2015,17.640873
Iceland,2016,16.867819
Iceland,2017,16.354916
Iceland,2018,15.860793
Iceland,2019,15.462281
India,2000,71.70203
India,2001,74.10621
India,2002,73.37396
India,2003,73.42475
India,2004,72.482666
India,2005,73.14937
India,2006,72.25708
India,2007,70.81673
India,2008,69.14794
India,2009,66.75775
India,2010,65.18477
India,2011,62.2249
India,2012,63.000137
India,2013,69.07304
India,2014,67.014
India,2015,64.66441
India,2016,63.206203
India,2017,55.112476
India,2018,55.32062
India,2019,54.781635
Indonesia,2000,45.195023
Indonesia,2001,40.492107
Indonesia,2002,46.377964
Indonesia,2003,46.016853
Indonesia,2004,45.910637
Indonesia,2005,55.32828
Indonesia,2006,53.375042
Indonesia,2007,49.54562
Indonesia,2008,49.36757
Indonesia,2009,49.221355
Indonesia,2010,60.583866
Indonesia,2011,56.223415
Indonesia,2012,53.617924
Indonesia,2013,50.89988
Indonesia,2014,45.247288
Indonesia,2015,43.0453
Indonesia,2016,38.51764
Indonesia,2017,36.59594
Indonesia,2018,35.640995
Indonesia,2019,34.76156
Iran,2000,59.600163
Iran,2001,59.249027
Iran,2002,54.74598
Iran,2003,54.06885
Iran,2004,56.559647
Iran,2005,56.094944
Iran,2006,51.687992
Iran,2007,53.21486
Iran,2008,55.47851
Iran,2009,56.02761
Iran,2010,59.39722
Iran,2011,57.521534
Iran,2012,54.96147
Iran,2013,51.06695
Iran,2014,42.19447
Iran,2015,41.087574
Iran,2016,42.29375
Iran,2017,41.477802
Iran,2018,35.828354
Iran,2019,39.493748
Iraq,2003,54.64028
Iraq,2004,29.050138
Iraq,2005,30.243286
Iraq,2006,33.545418
Iraq,2007,30.579615
Iraq,2008,21.528305
Iraq,2009,22.390907
Iraq,2010,26.104351
Iraq,2011,25.135094
Iraq,2012,61.738068
Iraq,2013,58.349777
Iraq,2014,61.83715
Iraq,2015,76.46998
Iraq,2016,79.1325
Iraq,2017,58.043297
Iraq,2018,51.352196
Iraq,2019,50.096966
Ireland,2000,12.11709
Ireland,2001,10.647068
Ireland,2002,10.467074
Ireland,2003,13.148279
Ireland,2004,12.218671
Ireland,2005,13.553004
Ireland,2006,13.929563
Ireland,2007,11.571237
Ireland,2008,11.863089
Ireland,2009,12.700528
Ireland,2010,13.795636
Ireland,2011,13.892698
Ireland,2012,13.895556
Ireland,2013,14.290116
Ireland,2014,14.309798
Ireland,2015,13.213295
Ireland,2016,12.794836
Ireland,2017,12.608499
Ireland,2018,12.0226145
Ireland,2019,11.715566
Israel,2000,29.48983
Israel,2001,30.330198
Israel,2002,27.84286
Israel,2003,28.628546
Israel,2004,28.72549
Israel,2005,30.24325
Israel,2006,25.724104
Israel,2007,26.663244
Israel,2008,25.34703
Israel,2009,25.418907
Israel,2010,23.811695
Israel,2011,23.759342
Israel,2012,23.408356
Israel,2013,22.654171
Israel,2014,23.010033
Israel,2015,22.501026
Israel,2016,22.822607
Israel,2017,22.431028
Israel,2018,21.448034
Israel,2019,20.979973
Italy,2000,26.464483
Italy,2001,24.47651
Italy,2002,24.125433
Italy,2003,23.718946
Italy,2004,22.832642
Italy,2005,21.605825
Italy,2006,21.317444
Italy,2007,21.516155
Italy,2008,21.339325
Italy,2009,20.663645
Italy,2010,20.548927
Italy,2011,22.026903
Italy,2012,22.084303
Italy,2013,22.226305
Italy,2014,22.539965
Italy,2015,23.466541
Italy,2016,23.323399
Italy,2017,23.806047
Italy,2018,23.567036
Italy,2019,23.314804
Jamaica,2000,29.629665
Jamaica,2001,38.416924
Jamaica,2002,26.941486
Jamaica,2003,34.570557
Jamaica,2004,27.558279
Jamaica,2005,29.142508
Jamaica,2006,28.935947
Jamaica,2007,31.15529
Jamaica,2008,30.176603
Jamaica,2009,22.964994
Jamaica,2010,23.485483
Jamaica,2011,22.038256
Jamaica,2012,21.751015
Jamaica,2013,19.477888
Jamaica,2014,21.41138
Jamaica,2015,18.972292
Jamaica,2016,17.930267
Jamaica,2017,16.75219
Jamaica,2018,16.775568
Jamaica,2019,16.437607
Japan,2000,15.916364
Japan,2001,15.785702
Japan,2002,15.978508
Japan,2003,16.886776
Japan,2004,16.588945
Japan,2005,15.673435
Japan,2006,16.422068
Japan,2007,15.515058
Japan,2008,15.238266
Japan,2009,15.159133
Japan,2010,14.57036
Japan,2011,13.121784
Japan,2012,12.972344
Japan,2013,12.701281
Japan,2014,12.86968
Japan,2015,12.947671
Japan,2016,12.854399
Japan,2017,12.654927
Japan,2018,12.994568
Japan,2019,12.907357
Jordan,2000,39.100346
Jordan,2001,38.473766
Jordan,2002,39.48171
Jordan,2003,42.033382
Jordan,2004,40.684933
Jordan,2005,40.075855
Jordan,2006,39.186047
Jordan,2007,36.04767
Jordan,2008,31.941393
Jordan,2009,22.71313
Jordan,2010,21.855146
Jordan,2011,20.90164
Jordan,2012,21.583143
Jordan,2013,22.133486
Jordan,2014,20.890774
Jordan,2015,29.369576
Jordan,2016,30.623632
Jordan,2017,30.427425
Jordan,2018,31.212543
Jordan,2019,30.289825
Kazakhstan,2000,48.510597
Kazakhstan,2001,42.71318
Kazakhstan,2002,45.895023
Kazakhstan,2003,44.5481
Kazakhstan,2004,41.03981
Kazakhstan,2005,34.41235
Kazakhstan,2006,31.081167
Kazakhstan,2007,32.774242
Kazakhstan,2008,24.472666
Kazakhstan,2009,22.913155
Kazakhstan,2010,27.295837
Kazakhstan,2011,24.598047
Kazakhstan,2012,27.820343
Kazakhstan,2013,25.955278
Kazakhstan,2014,23.801914
Kazakhstan,2015,32.095036
Kazakhstan,2016,35.672863
Kazakhstan,2017,33.14392
Kazakhstan,2018,33.470253
Kazakhstan,2019,33.863827
Kenya,2000,47.116276
Kenya,2001,46.462337
Kenya,2002,44.33084
Kenya,2003,45.01106
Kenya,2004,44.207485
Kenya,2005,44.959137
Kenya,2006,38.430794
Kenya,2007,35.769127
Kenya,2008,33.461887
Kenya,2009,31.506226
Kenya,2010,30.178574
Kenya,2011,30.966135
Kenya,2012,31.604355
Kenya,2013,32.132034
Kenya,2014,29.221804
Kenya,2015,26.898014
Kenya,2016,24.999731
Kenya,2017,23.2806
Kenya,2018,23.365057
Kenya,2019,24.299763
Kiribati,2000,0.15057537
Kiribati,2001,0.09972211
Kiribati,2002,0.10929514
Kiribati,2003,0.1153037
Kiribati,2004,0.09673197
Kiribati,2005,0.11822917
Kiribati,2006,0.10294823
Kiribati,2007,0.10137922
Kiribati,2008,0.08034962
Kiribati,2009,0.0862039
Kiribati,2010,0.12266552
Kiribati,2011,0.13436651
Kiribati,2012,0.14411134
Kiribati,2013,0.12112337
Kiribati,2014,0.11781958
Kiribati,2015,0.14668758
Kiribati,2016,0.12348551
Kiribati,2017,0.11203723
Kiribati,2018,0.09421607
Kiribati,2019,0.1049399
Kuwait,2000,25.494194
Kuwait,2001,19.646366
Kuwait,2002,21.539822
Kuwait,2003,20.821167
Kuwait,2004,21.5559
Kuwait,2005,21.473684
Kuwait,2006,21.239334
Kuwait,2007,21.346077
Kuwait,2008,19.808735
Kuwait,2009,16.72038
Kuwait,2010,14.332144
Kuwait,2011,14.014641
Kuwait,2012,14.955047
Kuwait,2013,14.485441
Kuwait,2014,13.929331
Kuwait,2015,13.6955185
Kuwait,2016,13.282158
Kuwait,2017,12.926642
Kuwait,2018,10.675101
Kuwait,2019,11.794242
Kyrgyzstan,2000,51.646446
Kyrgyzstan,2001,53.16456
Kyrgyzstan,2002,51.661373
Kyrgyzstan,2003,51.07937
Kyrgyzstan,2004,46.59614
Kyrgyzstan,2005,42.569702
Kyrgyzstan,2006,39.180145
Kyrgyzstan,2007,42.911514
Kyrgyzstan,2008,48.67649
Kyrgyzstan,2009,38.589985
Kyrgyzstan,2010,43.091503
Kyrgyzstan,2011,43.54014
Kyrgyzstan,2012,43.243694
Kyrgyzstan,2013,46.415207
Kyrgyzstan,2014,56.324257
Kyrgyzstan,2015,54.53977
Kyrgyzstan,2016,57.213116
Kyrgyzstan,2017,56.37663
Kyrgyzstan,2018,46.619812
Kyrgyzstan,2019,46.181427
Laos,2000,44.77974
Laos,2001,43.971466
Laos,2002,49.66937
Laos,2003,54.75914
Laos,2004,47.259174
Laos,2005,43.72244
Laos,2006,41.077866
Laos,2007,34.908108
Laos,2008,31.377789
Laos,2009,26.876942
Laos,2010,35.960094
Laos,2011,52.60241
Laos,2012,48.63187
Laos,2013,48.703323
Laos,2014,50.879467
Laos,2015,45.365326
Laos,2016,46.44212
Laos,2017,46.237106
Laos,2018,48.545925
Laos,2019,41.832287
Latin America and Caribbean,2000,38.422413
Latin America and Caribbean,2001,39.90809
Latin America and Caribbean,2002,41.451965
Latin America and Caribbean,2003,41.17597
Latin America and Caribbean,2004,40.09711
Latin America and Caribbean,2005,40.51371
Latin America and Caribbean,2006,38.49299
Latin America and Caribbean,2007,36.995068
Latin America and Caribbean,2008,35.077007
Latin America and Caribbean,2009,33.78988
Latin America and Caribbean,2010,32.013107
Latin America and Caribbean,2011,30.979261
Latin America and Caribbean,2012,30.90384
Latin America and Caribbean,2013,30.080307
Latin America and Caribbean,2014,29.87587
Latin America and Caribbean,2015,28.19381
Latin America and Caribbean,2016,28.58103
Latin America and Caribbean,2017,27.793795
Latin America and Caribbean,2018,28.327816
Latin America and Caribbean,2019,28.351278
Latvia,2000,47.659115
Latvia,2001,48.850792
Latvia,2002,47.581665
Latvia,2003,48.562363
Latvia,2004,40.63126
Latvia,2005,41.691032
Latvia,2006,35.598183
Latvia,2007,36.827705
Latvia,2008,37.306232
Latvia,2009,38.782677
Latvia,2010,37.18565
Latvia,2011,34.296753
Latvia,2012,37.823425
Latvia,2013,38.471485
Latvia,2014,39.106007
Latvia,2015,40.537308
Latvia,2016,43.442284
Latvia,2017,42.005985
Latvia,2018,39.342003
Latvia,2019,35.71982
Lebanon,2000,57.790882
Lebanon,2001,54.84231
Lebanon,2002,54.115433
Lebanon,2003,52.48449
Lebanon,2004,48.88166
Lebanon,2005,47.323395
Lebanon,2006,44.689465
Lebanon,2007,44.079567
Lebanon,2008,44.859524
Lebanon,2009,44.56974
Lebanon,2010,43.585007
Lebanon,2011,40.186604
Lebanon,2012,37.335766
Lebanon,2013,36.954582
Lebanon,2014,35.572166
Lebanon,2015,32.69744
Lebanon,2016,31.974815
Lebanon,2017,33.066124
Lebanon,2018,32.808163
Lebanon,2019,33.53594
Lesotho,2000,39.72736
Lesotho,2001,28.387222
Lesotho,2002,29.221157
Lesotho,2003,32.46589
Lesotho,2004,31.500664
Lesotho,2005,34.38765
Lesotho,2006,30.023184
Lesotho,2007,24.6595
Lesotho,2008,22.369102
Lesotho,2009,20.116764
Lesotho,2010,21.142807
Lesotho,2011,18.100952
Lesotho,2012,18.344574
Lesotho,2013,16.222626
Lesotho,2014,15.767566
Lesotho,2015,16.175438
Lesotho,2016,17.15091
Lesotho,2017,15.540457
Lesotho,2018,14.103897
Lesotho,2019,13.761529
Liberia,2000,70.101326
Liberia,2001,59.23411
Liberia,2002,63.96728
Liberia,2003,66.064644
Liberia,2004,78.38057
Liberia,2005,73.68797
Liberia,2006,70.017265
Liberia,2007,69.344154
Liberia,2008,63.32442
Liberia,2009,49.34246
Liberia,2010,50.87113
Liberia,2011,48.20184
Liberia,2012,45.32628
Liberia,2013,48.17132
Liberia,2014,51.13762
Liberia,2015,46.654354
Liberia,2016,46.87661
Liberia,2017,47.969776
Liberia,2018,47.30006
Liberia,2019,54.396046
Libya,2000,51.291115
Libya,2001,45.527943
Libya,2002,33.08924
Libya,2003,33.75513
Libya,2004,34.21351
Libya,2005,35.346718
Libya,2006,34.626987
Libya,2007,33.441864
Libya,2008,32.265682
Libya,2009,31.100632
Libya,2010,29.973639
Libya,2011,36.66828
Lithuania,2000,27.152166
Lithuania,2001,27.585394
Lithuania,2002,25.60276
Lithuania,2003,24.181492
Lithuania,2004,32.919693
Lithuania,2005,32.778767
Lithuania,2006,31.855606
Lithuania,2007,28.403994
Lithuania,2008,28.173946
Lithuania,2009,26.81708
Lithuania,2010,27.59108
Lithuania,2011,28.221283
Lithuania,2012,31.800838
Lithuania,2013,32.820873
Lithuania,2014,31.492762
Lithuania,2015,31.83712
Lithuania,2016,32.317047
Lithuania,2017,32.589645
Lithuania,2018,31.515785
Lithuania,2019,32.27022
Low and middle income,2000,44.702477
Low and middle income,2001,46.460644
Low and middle income,2002,47.129574
Low and middle income,2003,46.2538
Low and middle income,2004,45.077976
Low and middle income,2005,44.855705
Low and middle income,2006,43.49475
Low and middle income,2007,41.650967
Low and middle income,2008,39.88699
Low and middle income,2009,38.888397
Low and middle income,2010,38.133778
Low and middle income,2011,37.520046
Low and middle income,2012,37.47456
Low and middle income,2013,37.30417
Low and middle income,2014,36.443363
Low and middle income,2015,36.006268
Low and middle income,2016,36.4784
Low and middle income,2017,35.444077
Low and middle income,2018,35.28115
Low and middle income,2019,35.0914
Low income,2000,51.7695
Low income,2001,51.208714
Low income,2002,52.651344
Low income,2003,52.030434
Low income,2004,51.41776
Low income,2005,50.74697
Low income,2006,52.224487
Low income,2007,53.202927
Low income,2008,53.237083
Low income,2009,49.89962
Low income,2010,51.03031
Low income,2011,50.779152
Low income,2012,50.258236
Low income,2013,52.829956
Low income,2014,49.226852
Low income,2015,50.150787
Low income,2016,49.832943
Low income,2017,51.614353
Low income,2018,45.23665
Low income,2019,45.364536
Lower middle income,2000,58.561806
Lower middle income,2001,58.90258
Lower middle income,2002,58.73739
Lower middle income,2003,58.923096
Lower middle income,2004,58.22984
Lower middle income,2005,58.86081
Lower middle income,2006,57.357098
Lower middle income,2007,56.56198
Lower middle income,2008,55.94276
Lower middle income,2009,55.13529
Lower middle income,2010,56.842102
Lower middle income,2011,55.05794
Lower middle income,2012,53.950336
Lower middle income,2013,55.029415
Lower middle income,2014,52.849518
Lower middle income,2015,52.91739
Lower middle income,2016,52.04856
Lower middle income,2017,49.017235
Lower middle income,2018,48.06755
Lower middle income,2019,48.226444
Luxembourg,2000,14.25088
Luxembourg,2001,13.657677
Luxembourg,2002,13.861738
Luxembourg,2003,13.255093
Luxembourg,2004,12.775828
Luxembourg,2005,12.928188
Luxembourg,2006,13.376279
Luxembourg,2007,10.30742
Luxembourg,2008,10.061492
Luxembourg,2009,9.895284
Luxembourg,2010,10.231861
Luxembourg,2011,10.880653
Luxembourg,2012,11.487531
Luxembourg,2013,11.2197075
Luxembourg,2014,11.108424
Luxembourg,2015,10.752237
Luxembourg,2016,10.774477
Luxembourg,2017,10.693088
Luxembourg,2018,10.4740305
Luxembourg,2019,9.622403
Madagascar,2000,38.68463
Madagascar,2001,33.540993
Madagascar,2002,37.25663
Madagascar,2003,36.386673
Madagascar,2004,30.558294
Madagascar,2005,33.109325
Madagascar,2006,31.627201
Madagascar,2007,33.485897
Madagascar,2008,36.962128
Madagascar,2009,37.382187
Madagascar,2010,36.512783
Madagascar,2011,28.497446
Madagascar,2012,33.24145
Madagascar,2013,35.70821
Madagascar,2014,28.383593
Madagascar,2015,25.34512
Madagascar,2016,23.388777
Madagascar,2017,25.411976
Madagascar,2018,28.89612
Madagascar,2019,32.51625
Malawi,2000,10.92415
Malawi,2001,12.483196
Malawi,2002,14.807028
Malawi,2003,12.070897
Malawi,2004,9.699927
Malawi,2005,9.099817
Malawi,2006,8.924166
Malawi,2007,11.715225
Malawi,2008,10.370281
Malawi,2009,11.23561
Malawi,2010,10.927723
Malawi,2011,8.961643
Malawi,2012,10.241626
Malawi,2013,6.7059636
Malawi,2014,8.182888
Malawi,2015,10.981895
Malawi,2016,12.414959
Malawi,2017,12.69519
Malawi,2018,12.817653
Malawi,2019,16.86488
Malaysia,2000,40.70201
Malaysia,2001,35.693123
Malaysia,2002,34.6445
Malaysia,2003,34.49883
Malaysia,2004,36.10705
Malaysia,2005,38.0438
Malaysia,2006,34.73174
Malaysia,2007,35.12305
Malaysia,2008,35.536026
Malaysia,2009,32.191563
Malaysia,2010,34.1167
Malaysia,2011,34.012707
Malaysia,2012,33.037975
Malaysia,2013,33.669086
Malaysia,2014,33.04467
Malaysia,2015,33.41106
Malaysia,2016,34.426807
Malaysia,2017,34.215813
Malaysia,2018,34.98891
Malaysia,2019,34.573833
Maldives,2000,62.994312
Maldives,2001,57.463913
Maldives,2002,51.88086
Maldives,2003,53.809593
Maldives,2004,59.50085
Maldives,2005,55.658657
Maldives,2006,49.921783
Maldives,2007,47.22499
Maldives,2008,33.100243
Maldives,2009,34.3166
Maldives,2010,40.079784
Maldives,2011,39.687298
Maldives,2012,32.188293
Maldives,2013,32.365093
Maldives,2014,28.136835
Maldives,2015,19.530985
Maldives,2016,18.979805
Maldives,2017,20.646997
Maldives,2018,19.224758
Maldives,2019,16.452257
Mali,2000,68.81712
Mali,2001,67.793396
Mali,2002,61.75164
Mali,2003,61.20212
Mali,2004,55.613094
Mali,2005,57.018314
Mali,2006,56.742966
Mali,2007,61.34743
Mali,2008,63.224525
Mali,2009,61.837227
Mali,2010,56.266247
Mali,2011,50.002598
Mali,2012,44.743824
Mali,2013,34.819344
Mali,2014,33.551174
Mali,2015,34.171246
Mali,2016,35.750557
Mali,2017,37.502445
Mali,2018,32.553543
Mali,2019,31.352964
Malta,2000,26.373629
Malta,2001,29.666666
Malta,2002,28.735632
Malta,2003,28.83598
Malta,2004,28.172588
Malta,2005,28.85906
Malta,2006,29.62185
Malta,2007,31.078226
Malta,2008,32.991802
Malta,2009,32.459675
Malta,2010,33.02583
Malta,2011,33.162395
Malta,2012,32.090763
Malta,2013,30.222221
Malta,2014,36.458324
Malta,2015,37.196587
Malta,2016,35.13738
Malta,2017,35.22464
Malta,2018,34.295643
Malta,2019,34.648083
Marshall Islands,2000,9.229267
Marshall Islands,2001,10.551476
Marshall Islands,2002,12.028239
Marshall Islands,2003,12.269229
Marshall Islands,2004,10.658085
Marshall Islands,2005,8.870106
Marshall Islands,2006,8.577022
Marshall Islands,2007,11.080943
Marshall Islands,2008,12.244904
Marshall Islands,2009,12.690737
Marshall Islands,2010,13.291433
Marshall Islands,2011,13.640015
Marshall Islands,2012,13.008678
Marshall Islands,2013,12.230939
Marshall Islands,2014,12.79251
Marshall Islands,2015,10.9942255
Marshall Islands,2016,10.3715105
Marshall Islands,2017,11.597496
Marshall Islands,2018,11.209234
Marshall Islands,2019,11.662496
Mauritania,2000,77.820786
Mauritania,2001,77.125656
Mauritania,2002,69.98445
Mauritania,2003,68.3897
Mauritania,2004,70.48662
Mauritania,2005,67.13408
Mauritania,2006,68.15962
Mauritania,2007,65.29876
Mauritania,2008,60.940277
Mauritania,2009,62.76505
Mauritania,2010,62.63597
Mauritania,2011,58.37606
Mauritania,2012,55.427998
Mauritania,2013,50.20852
Mauritania,2014,47.620827
Mauritania,2015,47.741985
Mauritania,2016,53.727257
Mauritania,2017,48.49948
Mauritania,2018,45.965927
Mauritania,2019,45.021088
Mauritius,2000,44.00007
Mauritius,2001,43.819828
Mauritius,2002,44.87165
Mauritius,2003,45.322186
Mauritius,2004,43.422867
Mauritius,2005,49.588108
Mauritius,2006,52.913
Mauritius,2007,55.80852
Mauritius,2008,61.84155
Mauritius,2009,58.373337
Mauritius,2010,52.316856
Mauritius,2011,53.071533
Mauritius,2012,51.613182
Mauritius,2013,53.180347
Mauritius,2014,50.180244
Mauritius,2015,49.576725
Mauritius,2016,48.160778
Mauritius,2017,48.130405
Mauritius,2018,48.233624
Mauritius,2019,45.720463
Mexico,2000,52.22364
Mexico,2001,53.428387
Mexico,2002,54.359333
Mexico,2003,55.66365
Mexico,2004,53.6927
Mexico,2005,54.58955
Mexico,2006,53.76395
Mexico,2007,52.497154
Mexico,2008,48.595856
Mexico,2009,47.35384
Mexico,2010,43.508766
Mexico,2011,40.734215
Mexico,2012,40.64141
Mexico,2013,39.879066
Mexico,2014,40.872025
Mexico,2015,41.043774
Mexico,2016,41.372223
Mexico,2017,41.788364
Mexico,2018,42.25703
Mexico,2019,42.122097
Micronesia (country),2000,4.819455
Micronesia (country),2001,4.811159
Micronesia (country),2002,5.411477
Micronesia (country),2003,4.894929
Micronesia (country),2004,4.35161
Micronesia (country),2005,3.2027624
Micronesia (country),2006,5.030861
Micronesia (country),2007,4.466363
Micronesia (country),2008,4.0992694
Micronesia (country),2009,3.7497375
Micronesia (country),2010,3.233532
Micronesia (country),2011,3.0252194
Micronesia (country),2012,2.8849869
Micronesia (country),2013,3.0183008
Micronesia (country),2014,2.7026153
Micronesia (country),2015,2.5775292
Micronesia (country),2016,2.4456148
Micronesia (country),2017,2.6481335
Micronesia (country),2018,2.797635
Micronesia (country),2019,2.861584
Middle East and North Africa,2000,38.343273
Middle East and North Africa,2001,37.57367
Middle East and North Africa,2002,37.237297
Middle East and North Africa,2003,36.83605
Middle East and North Africa,2004,37.54677
Middle East and North Africa,2005,37.869263
Middle East and North Africa,2006,35.722893
Middle East and North Africa,2007,36.394665
Middle East and North Africa,2008,36.58651
Middle East and North Africa,2009,35.982708
Middle East and North Africa,2010,37.71098
Middle East and North Africa,2011,35.999813
Middle East and North Africa,2012,35.6578
Middle East and North Africa,2013,32.371826
Middle East and North Africa,2014,29.471395
Middle East and North Africa,2015,30.836823
Middle East and North Africa,2016,31.378967
Middle East and North Africa,2017,28.689281
Middle East and North Africa,2018,27.620993
Middle East and North Africa,2019,28.830343
Middle income,2000,44.582027
Middle income,2001,46.38663
Middle income,2002,47.02926
Middle income,2003,46.14728
Middle income,2004,44.95854
Middle income,2005,44.746456
Middle income,2006,43.32611
Middle income,2007,41.419434
Middle income,2008,39.630753
Middle income,2009,38.67156
Middle income,2010,37.90494
Middle income,2011,37.305412
Middle income,2012,37.282818
Middle income,2013,37.079765
Middle income,2014,36.251137
Middle income,2015,35.773533
Middle income,2016,36.27011
Middle income,2017,35.19685
Middle income,2018,35.165997
Middle income,2019,34.97772
Moldova,2000,47.17257
Moldova,2001,51.941227
Moldova,2002,46.51904
Moldova,2003,48.306805
Moldova,2004,38.17025
Moldova,2005,42.76385
Moldova,2006,46.45158
Moldova,2007,45.09948
Moldova,2008,48.42182
Moldova,2009,45.57893
Moldova,2010,40.43186
Moldova,2011,44.796448
Moldova,2012,42.21785
Moldova,2013,42.57613
Moldova,2014,38.348804
Moldova,2015,46.18741
Moldova,2016,46.291897
Moldova,2017,43.63448
Moldova,2018,40.09464
Moldova,2019,35.69403
Monaco,2000,7.012195
Monaco,2001,6.9356604
Monaco,2002,6.814798
Monaco,2003,5.882176
Monaco,2004,5.7460275
Monaco,2005,5.809992
Monaco,2006,6.0710354
Monaco,2007,6.841296
Monaco,2008,6.3987203
Monaco,2009,5.4993267
Monaco,2010,5.3688593
Monaco,2011,5.7046876
Monaco,2012,5.5350575
Monaco,2013,5.744957
Monaco,2014,5.882808
Monaco,2015,6.0229864
Monaco,2016,7.536874
Monaco,2017,7.428679
Monaco,2018,7.631281
Monaco,2019,7.9634705
Mongolia,2000,19.74953
Mongolia,2001,22.364668
Mongolia,2002,22.221186
Mongolia,2003,25.063553
Mongolia,2004,25.521873
Mongolia,2005,32.413246
Mongolia,2006,25.555696
Mongolia,2007,23.281065
Mongolia,2008,21.424644
Mongolia,2009,22.759476
Mongolia,2010,28.055048
Mongolia,2011,32.0039
Mongolia,2012,31.5344
Mongolia,2013,37.310883
Mongolia,2014,34.952473
Mongolia,2015,35.915955
Mongolia,2016,31.957314
Mongolia,2017,32.15247
Mongolia,2018,33.88879
Mongolia,2019,34.767334
Montenegro,2011,38.801323
Montenegro,2012,35.91405
Montenegro,2013,42.077175
Montenegro,2014,39.11519
Montenegro,2015,37.72555
Montenegro,2016,38.233486
Montenegro,2017,42.16569
Montenegro,2018,39.610855
Montenegro,2019,38.55629
Morocco,2000,54.117565
Morocco,2001,53.25341
Morocco,2002,53.42478
Morocco,2003,54.50412
Morocco,2004,55.56612
Morocco,2005,59.260017
Morocco,2006,58.74881
Morocco,2007,54.86222
Morocco,2008,55.701584
Morocco,2009,53.242485
Morocco,2010,55.612732
Morocco,2011,54.984623
Morocco,2012,53.57524
Morocco,2013,51.667572
Morocco,2014,55.3074
Morocco,2015,55.55208
Morocco,2016,54.316868
Morocco,2017,53.83274
Morocco,2018,46.985275
Morocco,2019,46.810513
Mozambique,2000,38.149376
Mozambique,2001,26.084408
Mozambique,2002,27.359585
Mozambique,2003,21.215927
Mozambique,2004,15.606306
Mozambique,2005,12.318475
Mozambique,2006,12.746887
Mozambique,2007,12.019499
Mozambique,2008,10.866913
Mozambique,2009,8.237715
Mozambique,2010,7.1121187
Mozambique,2011,6.7195387
Mozambique,2012,5.5548296
Mozambique,2013,8.016642
Mozambique,2014,10.424705
Mozambique,2015,11.261485
Mozambique,2016,10.710282
Mozambique,2017,9.770906
Mozambique,2018,9.492757
Mozambique,2019,9.978228
Myanmar,2000,85.6558
Myanmar,2001,85.89757
Myanmar,2002,82.234665
Myanmar,2003,83.1669
Myanmar,2004,78.884705
Myanmar,2005,82.502594
Myanmar,2006,75.01603
Myanmar,2007,82.16392
Myanmar,2008,82.45877
Myanmar,2009,82.2685
Myanmar,2010,80.74466
Myanmar,2011,77.278885
Myanmar,2012,76.70022
Myanmar,2013,72.231445
Myanmar,2014,66.03541
Myanmar,2015,70.450035
Myanmar,2016,76.67273
Myanmar,2017,75.68733
Myanmar,2018,76.44636
Myanmar,2019,75.95469
Namibia,2000,6.683572
Namibia,2001,6.334733
Namibia,2002,6.744925
Namibia,2003,6.601947
Namibia,2004,6.3606935
Namibia,2005,6.2714763
Namibia,2006,5.645585
Namibia,2007,5.800812
Namibia,2008,6.899862
Namibia,2009,8.490853
Namibia,2010,9.276327
Namibia,2011,10.303004
Namibia,2012,10.908236
Namibia,2013,9.887688
Namibia,2014,9.036887
Namibia,2015,7.329126
Namibia,2016,7.712075
Namibia,2017,7.794633
Namibia,2018,8.050176
Namibia,2019,8.235021
Nauru,2000,2.5520744
Nauru,2001,3.02829
Nauru,2002,3.8029823
Nauru,2003,4.878826
Nauru,2004,7.210088
Nauru,2005,4.4282002
Nauru,2006,3.953647
Nauru,2007,2.301414
Nauru,2008,2.1909964
Nauru,2009,3.1048431
Nauru,2010,2.418212
Nauru,2011,1.9186507
Nauru,2012,0.7819118
Nauru,2013,1.0462264
Nauru,2014,1.3131483
Nauru,2015,1.0690174
Nauru,2016,1.1306317
Nauru,2017,1.0383916
Nauru,2018,1.3023373
Nauru,2019,1.1492947
Nepal,2000,55.78205
Nepal,2001,51.26502
Nepal,2002,51.956196
Nepal,2003,53.80938
Nepal,2004,51.602848
Nepal,2005,49.217957
Nepal,2006,42.501873
Nepal,2007,60.961533
Nepal,2008,61.62509
Nepal,2009,57.623226
Nepal,2010,56.203888
Nepal,2011,58.37967
Nepal,2012,56.07543
Nepal,2013,63.533436
Nepal,2014,60.04754
Nepal,2015,59.43524
Nepal,2016,55.440067
Nepal,2017,57.37548
Nepal,2018,57.725037
Nepal,2019,57.91304
Netherlands,2000,11.032556
Netherlands,2001,10.466271
Netherlands,2002,9.812933
Netherlands,2003,9.604378
Netherlands,2004,9.9604845
Netherlands,2005,9.884865
Netherlands,2006,8.326217
Netherlands,2007,7.889271
Netherlands,2008,9.923517
Netherlands,2009,9.069808
Netherlands,2010,9.095442
Netherlands,2011,9.482381
Netherlands,2012,10.090563
Netherlands,2013,11.534652
Netherlands,2014,11.587067
Netherlands,2015,11.286428
Netherlands,2016,11.27568
Netherlands,2017,11.048864
Netherlands,2018,10.795286
Netherlands,2019,10.577309
New Zealand,2000,15.361595
New Zealand,2001,16.986162
New Zealand,2002,16.056675
New Zealand,2003,15.3791
New Zealand,2004,14.106706
New Zealand,2005,14.070143
New Zealand,2006,13.838434
New Zealand,2007,11.453699
New Zealand,2008,13.2351
New Zealand,2009,12.356316
New Zealand,2010,11.958111
New Zealand,2011,12.098778
New Zealand,2012,12.26525
New Zealand,2013,12.371163
New Zealand,2014,12.850425
New Zealand,2015,13.36466
New Zealand,2016,13.5755825
New Zealand,2017,13.577074
New Zealand,2018,12.913249
New Zealand,2019,12.244734
Nicaragua,2000,43.882965
Nicaragua,2001,40.382755
Nicaragua,2002,45.29
Nicaragua,2003,38.689106
Nicaragua,2004,41.55657
Nicaragua,2005,39.16899
Nicaragua,2006,41.984314
Nicaragua,2007,41.944687
Nicaragua,2008,40.908577
Nicaragua,2009,38.318268
Nicaragua,2010,37.489132
Nicaragua,2011,37.83097
Nicaragua,2012,37.636227
Nicaragua,2013,36.895576
Nicaragua,2014,35.330105
Nicaragua,2015,35.39279
Nicaragua,2016,35.015755
Nicaragua,2017,33.806305
Nicaragua,2018,32.82304
Nicaragua,2019,34.411205
Niger,2000,60.49816
Niger,2001,60.42289
Niger,2002,59.6222
Niger,2003,61.24695
Niger,2004,60.002537
Niger,2005,50.134594
Niger,2006,48.75664
Niger,2007,53.40668
Niger,2008,52.46495
Niger,2009,53.61827
Niger,2010,55.895317
Niger,2011,57.737446
Niger,2012,60.806496
Niger,2013,56.543686
Niger,2014,54.673542
Niger,2015,51.68565
Niger,2016,58.510406
Niger,2017,48.31372
Niger,2018,48.96119
Niger,2019,46.09529
Nigeria,2000,60.162067
Nigeria,2001,60.74782
Nigeria,2002,65.04916
Nigeria,2003,72.814354
Nigeria,2004,64.547874
Nigeria,2005,65.97051
Nigeria,2006,70.45881
Nigeria,2007,70.937546
Nigeria,2008,72.756935
Nigeria,2009,74.47494
Nigeria,2010,76.87749
Nigeria,2011,74.72514
Nigeria,2012,72.84433
Nigeria,2013,70.926735
Nigeria,2014,71.854195
Nigeria,2015,71.89008
Nigeria,2016,75.187035
Nigeria,2017,77.269516
Nigeria,2018,75.945786
Nigeria,2019,70.524025
North America,2000,15.1807375
North America,2001,14.476753
North America,2002,14.393813
North America,2003,14.201104
North America,2004,14.042651
North America,2005,13.994744
North America,2006,13.802761
North America,2007,13.713027
North America,2008,13.482384
North America,2009,12.789994
North America,2010,12.571565
North America,2011,12.511342
North America,2012,12.504446
North America,2013,12.402876
North America,2014,12.094773
North America,2015,11.890709
North America,2016,11.826364
North America,2017,11.60204
North America,2018,11.49273
North America,2019,11.491481
North Macedonia,2000,42.08674
North Macedonia,2001,42.382847
North Macedonia,2002,42.570026
North Macedonia,2003,43.7902
North Macedonia,2004,42.532654
North Macedonia,2005,41.238457
North Macedonia,2006,37.000053
North Macedonia,2007,37.285805
North Macedonia,2008,32.029293
North Macedonia,2009,34.79014
North Macedonia,2010,37.788635
North Macedonia,2011,35.79779
North Macedonia,2012,35.243744
North Macedonia,2013,33.70716
North Macedonia,2014,34.97662
North Macedonia,2015,34.261932
North Macedonia,2016,35.320015
North Macedonia,2017,42.42704
North Macedonia,2018,42.10962
North Macedonia,2019,40.38257
Norway,2000,17.941572
Norway,2001,16.956863
Norway,2002,16.825384
Norway,2003,16.5988
Norway,2004,16.762142
Norway,2005,16.714132
Norway,2006,16.452549
Norway,2007,16.072174
Norway,2008,15.656921
Norway,2009,15.254484
Norway,2010,15.046472
Norway,2011,15.209826
Norway,2012,14.800082
Norway,2013,14.594195
Norway,2014,14.378532
Norway,2015,14.14277
Norway,2016,14.270999
Norway,2017,14.511925
Norway,2018,13.968633
Norway,2019,13.859791
Oman,2000,11.749517
Oman,2001,11.267133
Oman,2002,10.14919
Oman,2003,10.577152
Oman,2004,11.150682
Oman,2005,10.546918
Oman,2006,11.477663
Oman,2007,11.2697315
Oman,2008,12.449212
Oman,2009,11.497238
Oman,2010,10.407288
Oman,2011,10.839274
Oman,2012,10.427008
Oman,2013,7.141664
Oman,2014,5.7811556
Oman,2015,5.736417
Oman,2016,6.0952435
Oman,2017,7.083277
Oman,2018,5.952161
Oman,2019,6.5561543
Pakistan,2000,61.533894
Pakistan,2001,60.114765
Pakistan,2002,54.86852
Pakistan,2003,65.533134
Pakistan,2004,65.999084
Pakistan,2005,71.0249
Pakistan,2006,78.0159
Pakistan,2007,72.43494
Pakistan,2008,73.10254
Pakistan,2009,72.33999
Pakistan,2010,70.392426
Pakistan,2011,67.14212
Pakistan,2012,64.1936
Pakistan,2013,65.16565
Pakistan,2014,66.52489
Pakistan,2015,66.17926
Pakistan,2016,62.219067
Pakistan,2017,60.236877
Pakistan,2018,56.24116
Pakistan,2019,53.80849
Palau,2000,16.165861
Palau,2001,16.895285
Palau,2002,16.838848
Palau,2003,16.267685
Palau,2004,14.349021
Palau,2005,15.377745
Palau,2006,16.106743
Palau,2007,16.26565
Palau,2008,17.365047
Palau,2009,18.30548
Palau,2010,16.7577
Palau,2011,17.187132
Palau,2012,14.908332
Palau,2013,14.617467
Palau,2014,13.92332
Palau,2015,14.941738
Palau,2016,14.450246
Palau,2017,15.457022
Palau,2018,17.249744
Palau,2019,12.002403
Panama,2000,27.439558
Panama,2001,28.546688
Panama,2002,29.212618
Panama,2003,29.646688
Panama,2004,28.97715
Panama,2005,32.239353
Panama,2006,29.908857
Panama,2007,28.109879
Panama,2008,28.232714
Panama,2009,28.478262
Panama,2010,28.710085
Panama,2011,30.513823
Panama,2012,34.162136
Panama,2013,32.314293
Panama,2014,30.441956
Panama,2015,30.28156
Panama,2016,28.143162
Panama,2017,29.181189
Panama,2018,28.70456
Panama,2019,27.57014
Papua New Guinea,2000,9.442844
Papua New Guinea,2001,8.865389
Papua New Guinea,2002,8.749374
Papua New Guinea,2003,8.782978
Papua New Guinea,2004,8.475083
Papua New Guinea,2005,8.195516
Papua New Guinea,2006,8.107342
Papua New Guinea,2007,7.7815046
Papua New Guinea,2008,8.69523
Papua New Guinea,2009,10.39127
Papua New Guinea,2010,12.283681
Papua New Guinea,2011,12.239906
Papua New Guinea,2012,9.220928
Papua New Guinea,2013,6.572433
Papua New Guinea,2014,5.9552546
Papua New Guinea,2015,12.36896
Papua New Guinea,2016,10.144589
Papua New Guinea,2017,8.998545
Papua New Guinea,2018,9.744474
Papua New Guinea,2019,9.919314
Paraguay,2000,49.09693
Paraguay,2001,52.38963
Paraguay,2002,56.072468
Paraguay,2003,54.628338
Paraguay,2004,56.959366
Paraguay,2005,57.92466
Paraguay,2006,56.72242
Paraguay,2007,57.958084
Paraguay,2008,60.468025
Paraguay,2009,55.445446
Paraguay,2010,53.929417
Paraguay,2011,50.00537
Paraguay,2012,46.33087
Paraguay,2013,47.50415
Paraguay,2014,44.386436
Paraguay,2015,43.807175
Paraguay,2016,42.921604
Paraguay,2017,43.774597
Paraguay,2018,43.876312
Paraguay,2019,41.625084
Peru,2000,40.281414
Peru,2001,40.65114
Peru,2002,39.94067
Peru,2003,37.488758
Peru,2004,36.693172
Peru,2005,34.021008
Peru,2006,40.32966
Peru,2007,42.54205
Peru,2008,43.34994
Peru,2009,40.27629
Peru,2010,39.513504
Peru,2011,40.33463
Peru,2012,38.865158
Peru,2013,35.089184
Peru,2014,31.561344
Peru,2015,29.931705
Peru,2016,29.334068
Peru,2017,28.64072
Peru,2018,29.408989
Peru,2019,28.132416
Philippines,2000,41.19497
Philippines,2001,44.617477
Philippines,2002,47.76664
Philippines,2003,47.700535
Philippines,2004,47.77958
Philippines,2005,52.10651
Philippines,2006,54.03546
Philippines,2007,55.967426
Philippines,2008,57.44992
Philippines,2009,55.57599
Philippines,2010,54.845856
Philippines,2011,58.89309
Philippines,2012,58.314503
Philippines,2013,57.5744
Philippines,2014,52.376675
Philippines,2015,51.178596
Philippines,2016,50.492085
Philippines,2017,50.148064
Philippines,2018,50.436848
Philippines,2019,48.559486
Poland,2000,31.327217
Poland,2001,29.192629
Poland,2002,26.662823
Poland,2003,28.050837
Poland,2004,29.794731
Poland,2005,28.049862
Poland,2006,27.315212
Poland,2007,26.670683
Poland,2008,24.433002
Poland,2009,24.519556
Poland,2010,23.865267
Poland,2011,23.963633
Poland,2012,24.274065
Poland,2013,23.801603
Poland,2014,23.011044
Poland,2015,23.312815
Poland,2016,23.080462
Poland,2017,23.056818
Poland,2018,20.794579
Poland,2019,20.444813
Portugal,2000,25.714851
Portugal,2001,25.108397
Portugal,2002,23.180042
Portugal,2003,23.690935
Portugal,2004,23.504988
Portugal,2005,23.680187
Portugal,2006,25.524712
Portugal,2007,25.906208
Portugal,2008,26.39371
Portugal,2009,25.103373
Portugal,2010,24.708288
Portugal,2011,26.654148
Portugal,2012,29.583052
Portugal,2013,28.794039
Portugal,2014,29.334745
Portugal,2015,29.534906
Portugal,2016,29.431625
Portugal,2017,29.688179
Portugal,2018,29.91727
Portugal,2019,30.452877
Qatar,2000,30.034348
Qatar,2001,27.415476
Qatar,2002,27.512894
Qatar,2003,18.530933
Qatar,2004,18.555733
Qatar,2005,18.61186
Qatar,2006,18.6681
Qatar,2007,18.724453
Qatar,2008,18.780918
Qatar,2009,19.380554
Qatar,2010,18.726223
Qatar,2011,16.886705
Qatar,2012,10.883827
Qatar,2013,6.9094324
Qatar,2014,5.666386
Qatar,2015,7.2603455
Qatar,2016,8.79165
Qatar,2017,10.949324
Qatar,2018,12.825216
Qatar,2019,12.326521
Romania,2000,19.419724
Romania,2001,18.94092
Romania,2002,17.835146
Romania,2003,15.127176
Romania,2004,24.326986
Romania,2005,18.49897
Romania,2006,19.990564
Romania,2007,17.596075
Romania,2008,18.182154
Romania,2009,20.784504
Romania,2010,19.631237
Romania,2011,24.275839
Romania,2012,22.42794
Romania,2013,20.176115
Romania,2014,20.3137
Romania,2015,21.281868
Romania,2016,20.754986
Romania,2017,20.488155
Romania,2018,19.457571
Romania,2019,18.877169
Russia,2000,30.208864
Russia,2001,30.79232
Russia,2002,31.212934
Russia,2003,33.279877
Russia,2004,33.806152
Russia,2005,31.93188
Russia,2006,31.126837
Russia,2007,31.448048
Russia,2008,31.548855
Russia,2009,34.582165
Russia,2010,35.325726
Russia,2011,34.19445
Russia,2012,33.397545
Russia,2013,34.832256
Russia,2014,35.82571
Russia,2015,38.646336
Russia,2016,40.48465
Russia,2017,40.493084
Russia,2018,38.311665
Russia,2019,36.573746
Rwanda,2000,26.587332
Rwanda,2001,27.676662
Rwanda,2002,28.464273
Rwanda,2003,17.119974
Rwanda,2004,21.217232
Rwanda,2005,23.797634
Rwanda,2006,14.269592
Rwanda,2007,12.496537
Rwanda,2008,11.783793
Rwanda,2009,11.377055
Rwanda,2010,11.087391
Rwanda,2011,10.792121
Rwanda,2012,10.177074
Rwanda,2013,12.30983
Rwanda,2014,12.078209
Rwanda,2015,12.18094
Rwanda,2016,11.361788
Rwanda,2017,11.8189
Rwanda,2018,11.68298
Rwanda,2019,11.67218
Saint Kitts and Nevis,2000,52.638794
Saint Kitts and Nevis,2001,51.069504
Saint Kitts and Nevis,2002,51.34533
Saint Kitts and Nevis,2003,50.64528
Saint Kitts and Nevis,2004,46.12798
Saint Kitts and Nevis,2005,47.982933
Saint Kitts and Nevis,2006,50.048977
Saint Kitts and Nevis,2007,51.090355
Saint Kitts and Nevis,2008,56.861515
Saint Kitts and Nevis,2009,54.68263
Saint Kitts and Nevis,2010,55.214916
Saint Kitts and Nevis,2011,55.536205
Saint Kitts and Nevis,2012,55.40708
Saint Kitts and Nevis,2013,56.482674
Saint Kitts and Nevis,2014,53.738182
Saint Kitts and Nevis,2015,57.089497
Saint Kitts and Nevis,2016,54.89627
Saint Kitts and Nevis,2017,53.389107
Saint Kitts and Nevis,2018,49.381573
Saint Kitts and Nevis,2019,46.36797
Saint Lucia,2000,58.86488
Saint Lucia,2001,56.878998
Saint Lucia,2002,56.90605
Saint Lucia,2003,59.638832
Saint Lucia,2004,57.44704
Saint Lucia,2005,55.968517
Saint Lucia,2006,58.681564
Saint Lucia,2007,63.93407
Saint Lucia,2008,59.589714
Saint Lucia,2009,57.422344
Saint Lucia,2010,54.762627
Saint Lucia,2011,55.60453
Saint Lucia,2012,51.65477
Saint Lucia,2013,52.074276
Saint Lucia,2014,51.955967
Saint Lucia,2015,49.561134
Saint Lucia,2016,51.21608
Saint Lucia,2017,49.794422
Saint Lucia,2018,49.153458
Saint Lucia,2019,46.25265
Saint Vincent and the Grenadines,2000,27.279367
Saint Vincent and the Grenadines,2001,28.611109
Saint Vincent and the Grenadines,2002,28.458881
Saint Vincent and the Grenadines,2003,30.435606
Saint Vincent and the Grenadines,2004,32.75042
Saint Vincent and the Grenadines,2005,33.552605
Saint Vincent and the Grenadines,2006,34.947086
Saint Vincent and the Grenadines,2007,35.816216
Saint Vincent and the Grenadines,2008,34.43723
Saint Vincent and the Grenadines,2009,33.370758
Saint Vincent and the Grenadines,2010,32.234642
Saint Vincent and the Grenadines,2011,32.657825
Saint Vincent and the Grenadines,2012,31.857246
Saint Vincent and the Grenadines,2013,33.024467
Saint Vincent and the Grenadines,2014,33.114433
Saint Vincent and the Grenadines,2015,30.768166
Saint Vincent and the Grenadines,2016,30.986229
Saint Vincent and the Grenadines,2017,29.499748
Saint Vincent and the Grenadines,2018,28.94286
Saint Vincent and the Grenadines,2019,29.11406
Samoa,2000,11.953813
Samoa,2001,13.986726
Samoa,2002,13.218236
Samoa,2003,14.38174
Samoa,2004,12.974498
Samoa,2005,13.042024
Samoa,2006,12.812508
Samoa,2007,13.076242
Samoa,2008,14.249748
Samoa,2009,12.546362
Samoa,2010,12.613611
Samoa,2011,12.285602
Samoa,2012,13.898045
Samoa,2013,11.067629
Samoa,2014,10.99514
Samoa,2015,11.500895
Samoa,2016,11.71616
Samoa,2017,11.300289
Samoa,2018,11.789349
Samoa,2019,10.138191
San Marino,2000,25.389116
San Marino,2001,24.177149
San Marino,2002,24.958729
San Marino,2003,23.54759
San Marino,2004,22.760435
San Marino,2005,21.667263
San Marino,2006,20.907246
San Marino,2007,19.83856
San Marino,2008,19.523216
San Marino,2009,18.96939
San Marino,2010,18.135706
San Marino,2011,17.258345
San Marino,2012,16.691044
San Marino,2013,17.61942
San Marino,2014,17.676296
San Marino,2015,17.443409
San Marino,2016,17.75113
San Marino,2017,16.012608
San Marino,2018,16.259285
San Marino,2019,16.984941
Sao Tome and Principe,2000,38.8693
Sao Tome and Principe,2001,38.821423
Sao Tome and Principe,2002,37.335033
Sao Tome and Principe,2003,29.006702
Sao Tome and Principe,2004,31.865173
Sao Tome and Principe,2005,30.018845
Sao Tome and Principe,2006,34.258
Sao Tome and Principe,2007,30.307154
Sao Tome and Principe,2008,25.377977
Sao Tome and Principe,2009,23.408585
Sao Tome and Principe,2010,21.065027
Sao Tome and Principe,2011,19.473433
Sao Tome and Principe,2012,17.784899
Sao Tome and Principe,2013,14.255243
Sao Tome and Principe,2014,14.958336
Sao Tome and Principe,2015,16.116163
Sao Tome and Principe,2016,13.91362
Sao Tome and Principe,2017,14.757313
Sao Tome and Principe,2018,16.644632
Sao Tome and Principe,2019,17.65803
Saudi Arabia,2000,18.462463
Saudi Arabia,2001,18.033691
Saudi Arabia,2002,18.451712
Saudi Arabia,2003,17.949196
Saudi Arabia,2004,18.15097
Saudi Arabia,2005,16.491587
Saudi Arabia,2006,15.393951
Saudi Arabia,2007,16.738699
Saudi Arabia,2008,19.369043
Saudi Arabia,2009,18.350763
Saudi Arabia,2010,18.945139
Saudi Arabia,2011,15.621154
Saudi Arabia,2012,15.156214
Saudi Arabia,2013,14.359864
Saudi Arabia,2014,13.13587
Saudi Arabia,2015,14.383367
Saudi Arabia,2016,15.705965
Saudi Arabia,2017,14.323529
Saudi Arabia,2018,15.898353
Saudi Arabia,2019,16.499958
Senegal,2000,55.607597
Senegal,2001,52.796978
Senegal,2002,55.35271
Senegal,2003,54.938007
Senegal,2004,55.092358
Senegal,2005,39.51603
Senegal,2006,37.439507
Senegal,2007,44.272644
Senegal,2008,41.62781
Senegal,2009,45.61538
Senegal,2010,48.677334
Senegal,2011,50.798798
Senegal,2012,52.773865
Senegal,2013,55.238937
Senegal,2014,50.44827
Senegal,2015,50.891144
Senegal,2016,51.19503
Senegal,2017,53.543514
Senegal,2018,49.835575
Senegal,2019,50.990547
Serbia,2000,29.608387
Serbia,2001,28.483816
Serbia,2002,23.831467
Serbia,2003,24.977644
Serbia,2004,27.293312
Serbia,2005,29.818344
Serbia,2006,32.840134
Serbia,2007,34.712883
Serbia,2008,35.147102
Serbia,2009,35.165134
Serbia,2010,36.402534
Serbia,2011,36.404793
Serbia,2012,35.43024
Serbia,2013,37.86664
Serbia,2014,39.94475
Serbia,2015,40.587734
Serbia,2016,40.453674
Serbia,2017,40.63935
Serbia,2018,38.310936
Serbia,2019,37.040184
Seychelles,2000,17.888319
Seychelles,2001,30.133564
Seychelles,2002,19.482946
Seychelles,2003,21.722843
Seychelles,2004,24.260191
Seychelles,2005,26.646345
Seychelles,2006,25.770193
Seychelles,2007,25.110796
Seychelles,2008,39.235264
Seychelles,2009,37.917816
Seychelles,2010,29.046738
Seychelles,2011,30.296177
Seychelles,2012,25.132402
Seychelles,2013,24.773212
Seychelles,2014,29.853794
Seychelles,2015,28.908676
Seychelles,2016,25.307018
Seychelles,2017,24.599426
Seychelles,2018,24.189795
Seychelles,2019,25.22789
Sierra Leone,2000,75.65366
Sierra Leone,2001,71.14684
Sierra Leone,2002,68.58266
Sierra Leone,2003,70.83104
Sierra Leone,2004,67.035706
Sierra Leone,2005,66.75042
Sierra Leone,2006,68.645195
Sierra Leone,2007,72.926094
Sierra Leone,2008,75.53688
Sierra Leone,2009,69.90135
Sierra Leone,2010,64.02028
Sierra Leone,2011,69.95411
Sierra Leone,2012,73.18809
Sierra Leone,2013,62.90097
Sierra Leone,2014,34.968327
Sierra Leone,2015,36.696262
Sierra Leone,2016,41.552055
Sierra Leone,2017,54.496117
Sierra Leone,2018,60.98889
Sierra Leone,2019,55.18257
Singapore,2000,48.178844
Singapore,2001,55.589737
Singapore,2002,53.08753
Singapore,2003,48.457977
Singapore,2004,51.007442
Singapore,2005,49.994484
Singapore,2006,48.834667
Singapore,2007,48.468143
Singapore,2008,46.457787
Singapore,2009,43.287537
Singapore,2010,41.458755
Singapore,2011,39.510372
Singapore,2012,37.653904
Singapore,2013,36.165985
Singapore,2014,33.298046
Singapore,2015,33.08545
Singapore,2016,32.66245
Singapore,2017,32.10845
Singapore,2018,29.070705
Singapore,2019,30.151129
Slovakia,2000,10.838966
Slovakia,2001,10.904377
Slovakia,2002,11.0168915
Slovakia,2003,12.212778
Slovakia,2004,21.233482
Slovakia,2005,23.60952
Slovakia,2006,26.588228
Slovakia,2007,27.370327
Slovakia,2008,21.020145
Slovakia,2009,22.41774
Slovakia,2010,22.800613
Slovakia,2011,23.57159
Slovakia,2012,23.23309
Slovakia,2013,23.32165
Slovakia,2014,18.00793
Slovakia,2015,18.443575
Slovakia,2016,17.888252
Slovakia,2017,18.713184
Slovakia,2018,18.907818
Slovakia,2019,19.159348
Slovenia,2000,13.273269
Slovenia,2001,12.903479
Slovenia,2002,12.555216
Slovenia,2003,12.48665
Slovenia,2004,12.169075
Slovenia,2005,13.019376
Slovenia,2006,12.278044
Slovenia,2007,13.631237
Slovenia,2008,12.639946
Slovenia,2009,12.779888
Slovenia,2010,12.640163
Slovenia,2011,12.196642
Slovenia,2012,12.459966
Slovenia,2013,12.4548645
Slovenia,2014,12.983446
Slovenia,2015,12.498777
Slovenia,2016,12.002224
Slovenia,2017,12.328169
Slovenia,2018,11.981578
Slovenia,2019,11.661317
Solomon Islands,2000,5.397575
Solomon Islands,2001,4.6348767
Solomon Islands,2002,2.589247
Solomon Islands,2003,2.9262726
Solomon Islands,2004,2.6561942
Solomon Islands,2005,2.1728451
Solomon Islands,2006,2.6582808
Solomon Islands,2007,2.8714063
Solomon Islands,2008,3.457778
Solomon Islands,2009,2.4163175
Solomon Islands,2010,2.10269
Solomon Islands,2011,2.431381
Solomon Islands,2012,2.565438
Solomon Islands,2013,3.0437856
Solomon Islands,2014,2.7956963
Solomon Islands,2015,2.9661386
Solomon Islands,2016,2.9961061
Solomon Islands,2017,3.0717573
Solomon Islands,2018,3.5850332
Solomon Islands,2019,3.439707
South Africa,2000,14.461517
South Africa,2001,14.126282
South Africa,2002,13.557768
South Africa,2003,12.326143
South Africa,2004,11.845901
South Africa,2005,11.312837
South Africa,2006,10.582864
South Africa,2007,9.702892
South Africa,2008,8.8428755
South Africa,2009,8.109772
South Africa,2010,7.995063
South Africa,2011,7.750909
South Africa,2012,7.72202
South Africa,2013,7.610048
South Africa,2014,5.6639814
South Africa,2015,5.736653
South Africa,2016,5.7858353
South Africa,2017,5.846187
South Africa,2018,5.824337
South Africa,2019,5.692714
South Asia,2000,68.98858
South Asia,2001,71.29266
South Asia,2002,70.17171
South Asia,2003,71.22939
South Asia,2004,70.5575
South Asia,2005,71.45818
South Asia,2006,71.28659
South Asia,2007,69.95659
South Asia,2008,68.608444
South Asia,2009,66.5807
South Asia,2010,65.28217
South Asia,2011,62.5082
South Asia,2012,62.971222
South Asia,2013,67.98933
South Asia,2014,66.43734
South Asia,2015,64.66399
South Asia,2016,63.192772
South Asia,2017,56.846992
South Asia,2018,56.692974
South Asia,2019,56.037952
South Korea,2000,43.638454
South Korea,2001,39.205208
South Korea,2002,38.636326
South Korea,2003,38.73109
South Korea,2004,38.025265
South Korea,2005,37.738018
South Korea,2006,35.739933
South Korea,2007,35.770145
South Korea,2008,37.05317
South Korea,2009,34.29154
South Korea,2010,34.018536
South Korea,2011,34.144424
South Korea,2012,34.547993
South Korea,2013,34.215458
South Korea,2014,33.861904
South Korea,2015,33.59907
South Korea,2016,33.031017
South Korea,2017,32.62513
South Korea,2018,32.50151
South Korea,2019,30.24508
South Sudan,2017,19.192814
South Sudan,2018,21.714731
South Sudan,2019,23.527586
Spain,2000,24.324318
Spain,2001,24.852285
Spain,2002,24.599552
Spain,2003,22.455246
Spain,2004,22.156609
Spain,2005,21.764307
Spain,2006,21.024544
Spain,2007,20.733868
Spain,2008,20.641653
Spain,2009,19.017921
Spain,2010,20.291044
Spain,2011,20.390596
Spain,2012,21.80673
Spain,2013,22.77354
Spain,2014,23.135628
Spain,2015,22.297594
Spain,2016,21.958668
Spain,2017,22.227713
Spain,2018,22.253466
Spain,2019,21.811455
Sri Lanka,2000,40.043854
Sri Lanka,2001,41.091324
Sri Lanka,2002,40.453396
Sri Lanka,2003,37.609303
Sri Lanka,2004,41.03235
Sri Lanka,2005,40.50283
Sri Lanka,2006,40.949417
Sri Lanka,2007,44.851795
Sri Lanka,2008,50.640724
Sri Lanka,2009,53.285534
Sri Lanka,2010,53.29795
Sri Lanka,2011,51.22102
Sri Lanka,2012,51.93099
Sri Lanka,2013,48.933758
Sri Lanka,2014,48.682545
Sri Lanka,2015,48.93215
Sri Lanka,2016,50.1216
Sri Lanka,2017,49.25233
Sri Lanka,2018,46.81987
Sri Lanka,2019,45.6366
Sub-Saharan Africa,2000,32.27786
Sub-Saharan Africa,2001,33.7461
Sub-Saharan Africa,2002,35.825417
Sub-Saharan Africa,2003,35.85467
Sub-Saharan Africa,2004,32.82083
Sub-Saharan Africa,2005,32.921867
Sub-Saharan Africa,2006,34.406864
Sub-Saharan Africa,2007,34.47673
Sub-Saharan Africa,2008,36.042656
Sub-Saharan Africa,2009,32.673077
Sub-Saharan Africa,2010,31.447617
Sub-Saharan Africa,2011,31.175398
Sub-Saharan Africa,2012,31.532465
Sub-Saharan Africa,2013,33.86926
Sub-Saharan Africa,2014,34.26276
Sub-Saharan Africa,2015,34.41227
Sub-Saharan Africa,2016,34.932137
Sub-Saharan Africa,2017,34.1329
Sub-Saharan Africa,2018,29.958801
Sub-Saharan Africa,2019,29.978697
Sudan,2000,61.82266
Sudan,2001,62.2807
Sudan,2002,61.421318
Sudan,2003,62.56051
Sudan,2004,57.17787
Sudan,2005,54.630947
Sudan,2006,55.789257
Sudan,2007,58.00177
Sudan,2008,62.403046
Sudan,2009,52.475822
Sudan,2010,61.313446
Sudan,2011,65.93135
Sudan,2012,65.45469
Sudan,2013,74.83429
Sudan,2014,67.031784
Sudan,2015,63.225544
Sudan,2016,70.310814
Sudan,2017,72.47967
Sudan,2018,66.9534
Sudan,2019,67.38342
Suriname,2000,15.3964205
Suriname,2001,27.327309
Suriname,2002,23.008617
Suriname,2003,23.549322
Suriname,2004,20.69822
Suriname,2005,20.863144
Suriname,2006,18.08366
Suriname,2007,19.499664
Suriname,2008,24.282812
Suriname,2009,21.968481
Suriname,2010,23.580673
Suriname,2011,27.201492
Suriname,2012,28.274696
Suriname,2013,27.872446
Suriname,2014,28.98275
Suriname,2015,21.998531
Suriname,2016,21.836388
Suriname,2017,26.379591
Suriname,2018,19.834711
Suriname,2019,16.092533
Sweden,2000,14.462477
Sweden,2001,16.879927
Sweden,2002,16.50955
Sweden,2003,15.881811
Sweden,2004,16.28188
Sweden,2005,16.635693
Sweden,2006,16.541681
Sweden,2007,16.33684
Sweden,2008,16.3257
Sweden,2009,16.40327
Sweden,2010,16.378584
Sweden,2011,14.554641
Sweden,2012,14.809893
Sweden,2013,14.931187
Sweden,2014,14.918947
Sweden,2015,14.902815
Sweden,2016,14.491889
Sweden,2017,14.0866165
Sweden,2018,13.958824
Sweden,2019,13.876382
Switzerland,2000,31.040617
Switzerland,2001,30.119818
Switzerland,2002,29.049671
Switzerland,2003,28.622528
Switzerland,2004,28.757338
Switzerland,2005,27.144047
Switzerland,2006,27.34946
Switzerland,2007,27.333332
Switzerland,2008,26.497862
Switzerland,2009,26.201296
Switzerland,2010,26.188076
Switzerland,2011,25.645363
Switzerland,2012,25.865374
Switzerland,2013,25.162882
Switzerland,2014,26.036606
Switzerland,2015,25.858149
Switzerland,2016,26.572115
Switzerland,2017,26.405891
Switzerland,2018,27.981953
Switzerland,2019,25.293182
Syria,2000,64.32571
Syria,2001,58.37927
Syria,2002,54.17683
Syria,2003,51.735603
Syria,2004,52.020733
Syria,2005,49.495937
Syria,2006,51.46001
Syria,2007,51.919914
Syria,2008,53.012012
Syria,2009,54.000004
Syria,2010,54.000004
Syria,2011,53.366005
Syria,2012,53.68986
Tajikistan,2000,79.15172
Tajikistan,2001,76.521736
Tajikistan,2002,78.167114
Tajikistan,2003,73.30263
Tajikistan,2004,71.735695
Tajikistan,2005,66.09986
Tajikistan,2006,68.792915
Tajikistan,2007,70.613884
Tajikistan,2008,68.58421
Tajikistan,2009,69.63989
Tajikistan,2010,70.43352
Tajikistan,2011,62.544037
Tajikistan,2012,63.93602
Tajikistan,2013,61.914474
Tajikistan,2014,62.185013
Tajikistan,2015,62.578888
Tajikistan,2016,66.00267
Tajikistan,2017,63.152416
Tajikistan,2018,68.41996
Tajikistan,2019,71.223
Tanzania,2000,38.470184
Tanzania,2001,40.908337
Tanzania,2002,42.519558
Tanzania,2003,40.012737
Tanzania,2004,37.37134
Tanzania,2005,33.714592
Tanzania,2006,25.771894
Tanzania,2007,28.474226
Tanzania,2008,32.5851
Tanzania,2009,34.648315
Tanzania,2010,31.894028
Tanzania,2011,27.95462
Tanzania,2012,24.69027
Tanzania,2013,24.09047
Tanzania,2014,25.981527
Tanzania,2015,25.829073
Tanzania,2016,21.893633
Tanzania,2017,21.351032
Tanzania,2018,20.87795
Tanzania,2019,22.151283
Thailand,2000,34.18559
Thailand,2001,33.988605
Thailand,2002,27.897083
Thailand,2003,27.1678
Thailand,2004,26.408852
Thailand,2005,27.583063
Thailand,2006,17.65686
Thailand,2007,14.813794
Thailand,2008,14.701761
Thailand,2009,15.90249
Thailand,2010,14.49738
Thailand,2011,13.008714
Thailand,2012,13.421867
Thailand,2013,12.540232
Thailand,2014,12.856081
Thailand,2015,12.509404
Thailand,2016,11.345639
Thailand,2017,11.86769
Thailand,2018,10.248546
Thailand,2019,8.669599
Timor,2003,40.93309
Timor,2004,34.59072
Timor,2005,33.202614
Timor,2006,22.019384
Timor,2007,18.259912
Timor,2008,11.520394
Timor,2009,8.84477
Timor,2010,11.564627
Timor,2011,9.924848
Timor,2012,9.489892
Timor,2013,6.9682317
Timor,2014,7.9060726
Timor,2015,7.3592954
Timor,2016,7.9046445
Timor,2017,8.344915
Timor,2018,7.819634
Timor,2019,8.151309
Togo,2000,76.81319
Togo,2001,75.55944
Togo,2002,74.70137
Togo,2003,72.98539
Togo,2004,70.47911
Togo,2005,68.78157
Togo,2006,66.543015
Togo,2007,66.704
Togo,2008,65.98863
Togo,2009,65.2491
Togo,2010,62.133068
Togo,2011,62.16771
Togo,2012,59.28656
Togo,2013,57.869537
Togo,2014,57.357037
Togo,2015,57.512157
Togo,2016,54.675896
Togo,2017,61.465664
Togo,2018,64.66404
Togo,2019,66.20978
Tonga,2000,17.880419
Tonga,2001,14.98418
Tonga,2002,15.377598
Tonga,2003,15.903276
Tonga,2004,12.43517
Tonga,2005,13.212195
Tonga,2006,9.8796625
Tonga,2007,12.341984
Tonga,2008,9.832849
Tonga,2009,15.163035
Tonga,2010,11.545149
Tonga,2011,13.695952
Tonga,2012,10.997515
Tonga,2013,13.870905
Tonga,2014,11.41774
Tonga,2015,10.849866
Tonga,2016,9.603519
Tonga,2017,9.812725
Tonga,2018,10.283216
Tonga,2019,9.8578825
Trinidad and Tobago,2000,57.34559
Trinidad and Tobago,2001,51.312626
Trinidad and Tobago,2002,52.28603
Trinidad and Tobago,2003,48.583725
Trinidad and Tobago,2004,52.941765
Trinidad and Tobago,2005,46.248196
Trinidad and Tobago,2006,49.325066
Trinidad and Tobago,2007,49.283123
Trinidad and Tobago,2008,46.72016
Trinidad and Tobago,2009,47.5112
Trinidad and Tobago,2010,46.56803
Trinidad and Tobago,2011,44.816124
Trinidad and Tobago,2012,44.68573
Trinidad and Tobago,2013,43.17302
Trinidad and Tobago,2014,42.831467
Trinidad and Tobago,2015,41.306023
Trinidad and Tobago,2016,43.116943
Trinidad and Tobago,2017,40.805862
Trinidad and Tobago,2018,44.889687
Trinidad and Tobago,2019,46.91282
Tunisia,2000,38.629864
Tunisia,2001,39.44774
Tunisia,2002,40.204765
Tunisia,2003,40.896397
Tunisia,2004,41.518604
Tunisia,2005,42.115704
Tunisia,2006,42.674744
Tunisia,2007,42.868134
Tunisia,2008,42.792793
Tunisia,2009,42.5213
Tunisia,2010,42.10583
Tunisia,2011,41.583
Tunisia,2012,40.978207
Tunisia,2013,39.063988
Tunisia,2014,38.00471
Tunisia,2015,39.497
Tunisia,2016,39.84063
Tunisia,2017,38.82075
Tunisia,2018,38.691704
Tunisia,2019,37.93781
Turkey,2000,28.600407
Turkey,2001,23.43207
Turkey,2002,20.320768
Turkey,2003,18.930563
Turkey,2004,20.181019
Turkey,2005,24.17698
Turkey,2006,23.64893
Turkey,2007,23.884289
Turkey,2008,19.181957
Turkey,2009,14.507903
Turkey,2010,16.872217
Turkey,2011,15.8951845
Turkey,2012,15.931596
Turkey,2013,16.926804
Turkey,2014,17.725422
Turkey,2015,16.948732
Turkey,2016,16.466145
Turkey,2017,17.384201
Turkey,2018,17.491419
Turkey,2019,16.88982
Turkmenistan,2000,50.006878
Turkmenistan,2001,61.26547
Turkmenistan,2002,61.135185
Turkmenistan,2003,63.699287
Turkmenistan,2004,72.1902
Turkmenistan,2005,73.827866
Turkmenistan,2006,76.42289
Turkmenistan,2007,68.996765
Turkmenistan,2008,78.47993
Turkmenistan,2009,70.73177
Turkmenistan,2010,70.99908
Turkmenistan,2011,68.970856
Turkmenistan,2012,68.28611
Turkmenistan,2013,66.8468
Turkmenistan,2014,68.20839
Turkmenistan,2015,71.07138
Turkmenistan,2016,76.15718
Turkmenistan,2017,72.72765
Turkmenistan,2018,76.34396
Turkmenistan,2019,76.78823
Tuvalu,2000,0.10394371
Tuvalu,2001,0.6937759
Tuvalu,2002,1.1889874
Tuvalu,2003,1.1925546
Tuvalu,2004,1.4025143
Tuvalu,2005,1.2576476
Tuvalu,2006,0.7335116
Tuvalu,2007,1.0327065
Tuvalu,2008,1.1879345
Tuvalu,2009,0.7240717
Tuvalu,2010,0.61564386
Tuvalu,2011,0.7278327
Tuvalu,2012,0.760495
Tuvalu,2013,0.62288874
Tuvalu,2014,0.6512448
Tuvalu,2015,0.21644495
Tuvalu,2016,0.65363896
Tuvalu,2017,0.50492835
Tuvalu,2018,0.46370855
Tuvalu,2019,0.32330775
Uganda,2000,43.131603
Uganda,2001,43.499004
Uganda,2002,44.13851
Uganda,2003,45.417946
Uganda,2004,38.37749
Uganda,2005,48.59853
Uganda,2006,54.052837
Uganda,2007,54.48327
Uganda,2008,52.724297
Uganda,2009,42.84918
Uganda,2010,37.390663
Uganda,2011,33.01005
Uganda,2012,37.512268
Uganda,2013,42.517776
Uganda,2014,40.146435
Uganda,2015,39.47085
Uganda,2016,40.60964
Uganda,2017,38.089504
Uganda,2018,35.628933
Uganda,2019,38.26029
Ukraine,2000,48.39266
Ukraine,2001,47.1653
Ukraine,2002,45.117455
Ukraine,2003,41.025192
Ukraine,2004,41.409943
Ukraine,2005,37.958096
Ukraine,2006,36.134136
Ukraine,2007,36.4612
Ukraine,2008,37.7899
Ukraine,2009,37.407448
Ukraine,2010,41.85198
Ukraine,2011,46.313255
Ukraine,2012,43.94115
Ukraine,2013,48.16846
Ukraine,2014,48.16864
Ukraine,2015,48.285355
Ukraine,2016,48.400497
Ukraine,2017,49.234177
Ukraine,2018,50.659
Ukraine,2019,51.118923
United Arab Emirates,2000,22.083435
United Arab Emirates,2001,15.085933
United Arab Emirates,2002,28.04151
United Arab Emirates,2003,27.45693
United Arab Emirates,2004,30.408379
United Arab Emirates,2005,30.13919
United Arab Emirates,2006,29.709608
United Arab Emirates,2007,28.876251
United Arab Emirates,2008,25.136518
United Arab Emirates,2009,16.100368
United Arab Emirates,2010,17.945744
United Arab Emirates,2011,16.884037
United Arab Emirates,2012,16.738804
United Arab Emirates,2013,17.155794
United Arab Emirates,2014,17.807827
United Arab Emirates,2015,17.78965
United Arab Emirates,2016,18.799702
United Arab Emirates,2017,11.416617
United Arab Emirates,2018,12.696113
United Arab Emirates,2019,12.507492
United Kingdom,2000,17.712923
United Kingdom,2001,17.893856
United Kingdom,2002,17.26617
United Kingdom,2003,16.5091
United Kingdom,2004,15.212925
United Kingdom,2005,13.94338
United Kingdom,2006,13.290728
United Kingdom,2007,14.998592
United Kingdom,2008,13.788742
United Kingdom,2009,12.938089
United Kingdom,2010,13.594541
United Kingdom,2011,13.840987
United Kingdom,2012,14.55787
United Kingdom,2013,15.971526
United Kingdom,2014,15.928396
United Kingdom,2015,16.08236
United Kingdom,2016,16.288107
United Kingdom,2017,16.735834
United Kingdom,2018,16.999794
United Kingdom,2019,17.073608
United States,2000,15.112384
United States,2001,14.410443
United States,2002,14.327131
United States,2003,14.15008
United States,2004,13.977642
United States,2005,13.918255
United States,2006,13.677353
United States,2007,13.592079
United States,2008,13.349377
United States,2009,12.6413
United States,2010,12.364556
United States,2011,12.322084
United States,2012,12.3309355
United States,2013,12.253729
United States,2014,11.932201
United States,2015,11.739925
United States,2016,11.631968
United States,2017,11.401905
United States,2018,11.303585
United States,2019,11.311578
Upper middle income,2000,41.159336
Upper middle income,2001,43.098072
Upper middle income,2002,43.755825
Upper middle income,2003,42.513653
Upper middle income,2004,41.26756
Upper middle income,2005,40.858173
Upper middle income,2006,39.486183
Upper middle income,2007,37.315037
Upper middle income,2008,35.48078
Upper middle income,2009,34.46398
Upper middle income,2010,32.983894
Upper middle income,2011,32.80469
Upper middle income,2012,33.13275
Upper middle income,2013,32.80234
Upper middle income,2014,32.41101
Upper middle income,2015,31.674843
Upper middle income,2016,32.31905
Upper middle income,2017,32.121735
Upper middle income,2018,32.33357
Upper middle income,2019,32.026268
Uruguay,2000,25.166706
Uruguay,2001,24.063068
Uruguay,2002,21.696472
Uruguay,2003,21.35852
Uruguay,2004,24.295666
Uruguay,2005,25.94187
Uruguay,2006,23.768965
Uruguay,2007,23.363106
Uruguay,2008,21.292854
Uruguay,2009,20.751677
Uruguay,2010,20.472836
Uruguay,2011,19.430454
Uruguay,2012,18.464651
Uruguay,2013,17.693695
Uruguay,2014,17.095442
Uruguay,2015,16.92113
Uruguay,2016,16.439236
Uruguay,2017,16.49807
Uruguay,2018,16.246628
Uruguay,2019,15.461458
Uzbekistan,2000,60.777134
Uzbekistan,2001,60.844814
Uzbekistan,2002,62.07161
Uzbekistan,2003,59.289814
Uzbekistan,2004,59.553146
Uzbekistan,2005,57.623398
Uzbekistan,2006,56.890724
Uzbekistan,2007,58.126705
Uzbekistan,2008,57.31195
Uzbekistan,2009,56.41526
Uzbekistan,2010,54.61275
Uzbekistan,2011,54.45245
Uzbekistan,2012,52.802814
Uzbekistan,2013,52.920616
Uzbekistan,2014,45.409904
Uzbekistan,2015,48.413692
Uzbekistan,2016,54.65855
Uzbekistan,2017,56.68791
Uzbekistan,2018,60.34236
Uzbekistan,2019,57.68497
Vanuatu,2000,10.552183
Vanuatu,2001,11.052752
Vanuatu,2002,8.863713
Vanuatu,2003,9.62883
Vanuatu,2004,9.40913
Vanuatu,2005,9.79649
Vanuatu,2006,9.125375
Vanuatu,2007,9.428261
Vanuatu,2008,8.968692
Vanuatu,2009,8.954449
Vanuatu,2010,8.853835
Vanuatu,2011,8.490251
Vanuatu,2012,8.010564
Vanuatu,2013,7.2523093
Vanuatu,2014,8.8415
Vanuatu,2015,7.64015
Vanuatu,2016,11.034906
Vanuatu,2017,10.808828
Vanuatu,2018,8.495338
Vanuatu,2019,8.537383
Venezuela,2000,41.25258
Venezuela,2001,41.496494
Venezuela,2002,41.18021
Venezuela,2003,34.456245
Venezuela,2004,31.340948
Venezuela,2005,36.561638
Venezuela,2006,27.483692
Venezuela,2007,31.145853
Venezuela,2008,38.132523
Venezuela,2009,39.532654
Venezuela,2010,38.457905
Venezuela,2011,34.72499
Venezuela,2012,29.071775
Venezuela,2013,31.279432
Venezuela,2014,29.782715
Venezuela,2015,24.987778
Venezuela,2016,27.743233
Venezuela,2017,27.289558
Venezuela,2018,20.26209
Venezuela,2019,18.464096
Vietnam,2000,37.191704
Vietnam,2001,31.609264
Vietnam,2002,37.143536
Vietnam,2003,37.14429
Vietnam,2004,37.31028
Vietnam,2005,37.26836
Vietnam,2006,37.33816
Vietnam,2007,37.302635
Vietnam,2008,37.18603
Vietnam,2009,37.26035
Vietnam,2010,37.42028
Vietnam,2011,37.407753
Vietnam,2012,40.778923
Vietnam,2013,41.269463
Vietnam,2014,41.72227
Vietnam,2015,43.479385
Vietnam,2016,44.57282
Vietnam,2017,45.09383
Vietnam,2018,44.58095
Vietnam,2019,42.953186
World,2000,19.278057
World,2001,18.942123
World,2002,18.668856
World,2003,18.557278
World,2004,18.538624
World,2005,18.68056
World,2006,18.80412
World,2007,18.91926
World,2008,18.925623
World,2009,18.304787
World,2010,18.514496
World,2011,18.580101
World,2012,18.784979
World,2013,18.990768
World,2014,18.69393
World,2015,18.395195
World,2016,18.264887
World,2017,18.177809
World,2018,18.136347
World,2019,18.005316
Yemen,2000,43.493305
Yemen,2001,44.62618
Yemen,2002,46.677036
Yemen,2003,54.264187
Yemen,2004,60.458057
Yemen,2005,64.780655
Yemen,2006,65.89187
Yemen,2007,69.15579
Yemen,2008,68.61846
Yemen,2009,74.215836
Yemen,2010,74.0169
Yemen,2011,72.48512
Yemen,2012,71.61329
Yemen,2013,74.58348
Yemen,2014,76.41698
Yemen,2015,80.95724
Zambia,2000,26.590082
Zambia,2001,26.753565
Zambia,2002,24.363445
Zambia,2003,23.698154
Zambia,2004,25.01429
Zambia,2005,31.45973
Zambia,2006,32.56932
Zambia,2007,33.165054
Zambia,2008,35.065655
Zambia,2009,25.940794
Zambia,2010,24.469719
Zambia,2011,21.57602
Zambia,2012,17.426733
Zambia,2013,11.417083
Zambia,2014,13.81974
Zambia,2015,12.24888
Zambia,2016,12.160715
Zambia,2017,11.850595
Zambia,2018,10.340596
Zambia,2019,10.231602
Zimbabwe,2010,34.431034
Zimbabwe,2011,37.220825
Zimbabwe,2012,34.968517
Zimbabwe,2013,29.755964
Zimbabwe,2014,24.831755
Zimbabwe,2015,25.786417
Zimbabwe,2016,23.311035
Zimbabwe,2017,22.806246
Zimbabwe,2018,19.696978
Zimbabwe,2019,24.376623
